Residue, Score
833,0.75523
691,0.74796
873,0.70801
837,0.70731
274,0.70278
835,0.7014
482,0.68936
591,0.68914
384,0.68652
401,0.68064
777,0.67853
476,0.67838
273,0.67643
883,0.67374
151,0.67192
388,0.67
282,0.66526
825,0.66374
880,0.66187
765,0.66101
584,0.6606
876,0.66049
76,0.65925
500,0.65838
467,0.65492
155,0.65436
254,0.65397
464,0.65372
222,0.65256
272,0.6516
399,0.65152
479,0.65004
590,0.64902
281,0.64513
355,0.64372
772,0.64241
378,0.64202
99,0.64139
603,0.64117
536,0.64079
403,0.6407
453,0.63912
73,0.63751
84,0.6336
576,0.62987
238,0.6298
80,0.62954
358,0.62673
91,0.62571
130,0.62546
729,0.62543
147,0.62475
143,0.62447
759,0.6239
775,0.62384
762,0.62383
719,0.62304
597,0.62253
150,0.62172
465,0.62129
557,0.62086
315,0.62035
370,0.61707
554,0.61562
594,0.61369
718,0.61356
253,0.61207
455,0.61129
606,0.61112
185,0.61028
877,0.61017
619,0.60809
382,0.60332
881,0.60148
142,0.60055
43,0.59947
389,0.59926
132,0.59769
357,0.59753
644,0.59681
347,0.59632
598,0.59628
607,0.59612
159,0.5959
90,0.59521
381,0.59212
270,0.59206
349,0.5913
547,0.59064
103,0.59055
550,0.58993
269,0.58836
340,0.58825
244,0.58808
716,0.58697
415,0.58652
697,0.58554
87,0.58509
575,0.58491
371,0.58407
722,0.58359
400,0.58327
643,0.58118
582,0.58067
280,0.58042
589,0.57951
506,0.57937
640,0.57909
348,0.57897
469,0.57896
219,0.57892
266,0.57846
580,0.5779
454,0.57673
210,0.57572
39,0.5742
413,0.57392
605,0.57376
392,0.57372
882,0.57349
761,0.57327
730,0.57079
622,0.5701
585,0.56996
865,0.56936
214,0.56914
360,0.56891
346,0.56876
124,0.568
101,0.56732
252,0.56716
541,0.56669
866,0.56648
377,0.56637
688,0.56494
545,0.56405
630,0.56401
351,0.56391
487,0.56361
350,0.56341
268,0.56182
690,0.56065
599,0.56029
265,0.55843
587,0.55745
149,0.55738
146,0.55634
260,0.55625
478,0.55591
88,0.55576
633,0.55401
470,0.55358
128,0.55342
77,0.55233
588,0.55209
443,0.55101
543,0.55051
255,0.5503
696,0.54716
398,0.54611
776,0.54553
411,0.54538
373,0.54465
763,0.544
758,0.5434
602,0.54308
768,0.54194
689,0.54128
641,0.53987
834,0.53937
193,0.53886
374,0.53742
709,0.53721
609,0.53629
507,0.53586
715,0.5357
593,0.53434
341,0.53339
78,0.53327
618,0.53302
535,0.53297
438,0.53289
278,0.53185
203,0.53083
397,0.53082
257,0.53029
339,0.52867
615,0.52812
152,0.52808
581,0.52652
441,0.52522
817,0.52463
583,0.52449
546,0.52357
534,0.52243
237,0.52226
558,0.52193
141,0.52171
277,0.52073
225,0.52026
699,0.51977
289,0.51954
256,0.51908
712,0.51902
148,0.51863
604,0.51776
508,0.51676
830,0.51666
40,0.51598
275,0.51557
86,0.51425
353,0.51365
94,0.51334
693,0.51282
499,0.51251
769,0.51186
860,0.51107
100,0.51031
623,0.51014
489,0.50946
869,0.50828
642,0.50726
625,0.50676
574,0.5061
391,0.5054
139,0.50429
206,0.50423
197,0.50318
445,0.50286
556,0.50202
96,0.50177
579,0.50157
827,0.50056
559,0.49989
634,0.49831
162,0.49781
710,0.49773
375,0.49722
542,0.49687
632,0.49666
692,0.49638
481,0.49583
764,0.4958
204,0.49505
437,0.49466
169,0.49428
577,0.49416
711,0.49307
698,0.49088
205,0.49084
154,0.49025
248,0.49023
302,0.49019
870,0.48974
145,0.48856
46,0.48839
201,0.48833
773,0.48725
259,0.48718
329,0.48679
249,0.48648
822,0.48616
491,0.48474
292,0.48458
191,0.48441
823,0.4844
319,0.4834
713,0.48335
610,0.48328
276,0.48321
408,0.48278
412,0.4824
299,0.48111
629,0.48108
862,0.48101
335,0.47997
127,0.4797
317,0.47903
838,0.47901
271,0.47812
404,0.47773
774,0.47749
620,0.47721
215,0.47577
140,0.47575
480,0.47521
89,0.47508
144,0.47461
824,0.47376
440,0.47146
442,0.47076
160,0.47068
874,0.47036
207,0.46791
586,0.46748
821,0.46728
498,0.4671
562,0.46701
694,0.46678
98,0.46566
510,0.46504
81,0.46501
855,0.46467
626,0.46427
463,0.46424
70,0.46375
683,0.46343
826,0.46231
457,0.46182
106,0.46119
93,0.46108
136,0.46097
468,0.4579
352,0.4568
671,0.45639
247,0.45547
186,0.45531
200,0.45496
490,0.45446
223,0.45433
624,0.45414
196,0.4538
447,0.4538
771,0.45278
532,0.45269
221,0.45178
466,0.45143
727,0.45094
819,0.44759
176,0.44716
792,0.4469
202,0.44666
137,0.44613
396,0.44613
386,0.44612
661,0.44592
208,0.44539
700,0.44533
616,0.44465
851,0.44431
850,0.44417
497,0.44314
755,0.44259
613,0.44246
334,0.44235
161,0.4415
676,0.44109
17,0.44079
832,0.44008
393,0.43985
419,0.43963
509,0.43883
293,0.43804
239,0.43804
570,0.43767
452,0.4372
493,0.43708
240,0.4346
540,0.43367
439,0.4333
695,0.43274
673,0.43268
526,0.43092
512,0.4309
472,0.43069
501,0.42903
4,0.42876
330,0.42822
325,0.42734
199,0.42726
290,0.42638
79,0.42556
27,0.42371
717,0.42198
451,0.42186
448,0.42142
818,0.42121
645,0.42029
241,0.42011
646,0.42002
786,0.41936
684,0.41935
364,0.41901
456,0.41893
125,0.41885
182,0.41841
829,0.41805
195,0.41785
495,0.41773
354,0.41767
342,0.4173
639,0.41724
432,0.4169
198,0.41588
854,0.41574
115,0.41572
555,0.41537
343,0.41473
32,0.41454
492,0.41428
298,0.41417
494,0.41307
110,0.41178
57,0.41117
336,0.41048
450,0.41004
158,0.40641
153,0.40622
701,0.40545
861,0.40525
669,0.40521
402,0.40469
227,0.40462
175,0.40435
784,0.40355
385,0.40354
104,0.40273
460,0.40265
475,0.40246
168,0.40184
488,0.4017
47,0.40092
433,0.40029
109,0.39963
531,0.39917
485,0.39826
608,0.39737
297,0.39737
177,0.39708
61,0.3964
11,0.39591
211,0.39456
674,0.3945
333,0.39444
636,0.39426
62,0.3941
601,0.39407
170,0.39348
157,0.39287
107,0.3924
129,0.39229
188,0.39228
614,0.39223
194,0.39093
323,0.39087
189,0.39059
258,0.38892
92,0.38889
65,0.38829
165,0.38665
54,0.38664
138,0.38603
368,0.38571
417,0.38554
42,0.38453
414,0.38323
179,0.38311
36,0.38308
434,0.38267
345,0.38258
600,0.3825
611,0.38205
8,0.38175
366,0.3817
267,0.38167
405,0.38164
726,0.38155
423,0.38128
803,0.38101
285,0.3808
421,0.38028
379,0.37992
785,0.378
192,0.37705
226,0.37645
286,0.37634
828,0.37563
409,0.37557
288,0.37412
647,0.37376
123,0.37331
672,0.37311
617,0.37243
263,0.37243
180,0.37206
431,0.37203
530,0.37167
513,0.37147
121,0.37106
787,0.37066
320,0.36952
69,0.36951
426,0.36895
857,0.3688
75,0.36779
806,0.36764
367,0.36726
424,0.36688
9,0.36605
595,0.36605
566,0.36594
7,0.36592
665,0.36586
24,0.36578
458,0.36514
365,0.36454
459,0.36417
318,0.36414
324,0.36342
250,0.3632
864,0.36314
338,0.36309
291,0.36282
326,0.36136
173,0.36063
628,0.36059
156,0.36049
44,0.35976
190,0.35953
310,0.35939
549,0.35907
560,0.35871
682,0.3569
650,0.35679
841,0.35677
849,0.35522
528,0.35414
37,0.35382
313,0.3519
435,0.35059
568,0.34899
102,0.34874
306,0.34858
236,0.3484
416,0.34792
296,0.34734
858,0.34694
112,0.34614
504,0.34608
667,0.34549
425,0.34544
34,0.34396
262,0.34328
48,0.34279
184,0.3413
232,0.34045
369,0.33983
322,0.33966
304,0.3396
307,0.33934
565,0.33929
859,0.33918
245,0.33878
58,0.33821
592,0.33732
163,0.33638
55,0.33617
344,0.33471
863,0.3346
569,0.33439
471,0.3338
428,0.33303
462,0.33248
418,0.33207
327,0.33155
52,0.33126
781,0.33103
117,0.33068
561,0.33
783,0.32994
25,0.3284
331,0.32823
295,0.32695
612,0.326
810,0.32548
187,0.32425
662,0.32411
664,0.32389
724,0.32374
135,0.32308
799,0.32291
5,0.32278
845,0.32271
516,0.32226
332,0.32192
679,0.32186
796,0.32168
573,0.32149
496,0.3214
813,0.32041
723,0.32026
362,0.32025
436,0.32008
856,0.31845
16,0.31813
164,0.31768
29,0.31761
807,0.31686
517,0.31674
49,0.31659
235,0.31633
361,0.31587
563,0.31504
59,0.31229
26,0.31131
449,0.31093
97,0.31072
95,0.30978
746,0.30964
14,0.30839
45,0.3068
261,0.30639
797,0.30619
53,0.30608
780,0.30448
779,0.30385
234,0.30379
422,0.30358
814,0.30342
668,0.30338
648,0.30165
10,0.30164
754,0.30136
41,0.30114
183,0.30111
427,0.30009
805,0.29967
166,0.29812
533,0.29805
831,0.29722
525,0.29679
303,0.29471
105,0.29384
848,0.29329
853,0.29292
321,0.29137
406,0.2912
745,0.29027
655,0.28884
731,0.28777
67,0.28581
756,0.28536
789,0.28473
56,0.28472
116,0.28385
181,0.28371
820,0.28366
64,0.28347
66,0.282
12,0.28192
766,0.28163
732,0.27937
654,0.27928
733,0.2764
666,0.27616
114,0.276
477,0.2753
522,0.27422
82,0.27314
816,0.27282
649,0.2727
739,0.27197
653,0.27193
523,0.2719
20,0.27128
31,0.27023
529,0.27012
808,0.26892
28,0.2678
714,0.2666
742,0.26628
638,0.26484
515,0.26412
788,0.26295
233,0.26229
520,0.26067
539,0.26027
567,0.25986
852,0.25939
279,0.25893
677,0.25827
231,0.25782
741,0.25781
571,0.25777
63,0.25743
659,0.25687
6,0.25386
812,0.2528
328,0.25212
376,0.2515
791,0.25138
670,0.25116
224,0.24927
314,0.24606
174,0.24506
802,0.24242
284,0.24236
85,0.24039
305,0.23993
309,0.23903
228,0.23892
301,0.2366
740,0.23506
572,0.23484
308,0.23313
524,0.23302
680,0.23218
230,0.22973
444,0.22896
287,0.22836
757,0.22826
51,0.22802
22,0.2271
300,0.22683
675,0.22675
511,0.2259
229,0.22573
815,0.2255
167,0.22325
18,0.22274
801,0.22253
13,0.22236
38,0.2219
658,0.22111
212,0.22086
172,0.22
749,0.21927
429,0.21809
736,0.21683
790,0.21566
218,0.21517
656,0.21373
446,0.21361
681,0.21339
120,0.21287
118,0.21154
751,0.2113
171,0.21108
794,0.20927
527,0.20897
793,0.20888
747,0.20826
294,0.20699
119,0.20632
337,0.2057
113,0.20055
83,0.19818
842,0.19767
809,0.19108
420,0.19026
30,0.18954
795,0.18764
800,0.18496
811,0.1826
878,0.18184
410,0.17907
50,0.1776
744,0.17734
743,0.17723
734,0.17677
635,0.17635
21,0.17546
108,0.1745
651,0.17419
748,0.1732
879,0.17111
596,0.17003
363,0.16753
33,0.16309
735,0.16053
752,0.15784
663,0.15596
804,0.15585
209,0.15484
868,0.14992
767,0.14332
461,0.14241
778,0.13983
217,0.13661
380,0.13219
519,0.13173
383,0.13157
840,0.13039
518,0.12612
111,0.12404
394,0.12233
552,0.11947
652,0.11942
122,0.11748
311,0.1172
484,0.11445
725,0.11244
738,0.10937
551,0.10742
372,0.10702
390,0.10434
359,0.10423
544,0.10407
71,0.10263
430,0.10117
312,0.10109
505,0.099489
483,0.098736
126,0.098354
798,0.09775
847,0.097725
538,0.097136
35,0.094498
283,0.091047
316,0.087225
356,0.086491
220,0.083074
839,0.082479
621,0.079537
407,0.07871
387,0.078466
875,0.078296
134,0.076884
243,0.075722
578,0.074447
178,0.073404
473,0.071659
19,0.071531
133,0.070409
721,0.070162
502,0.069702
395,0.067627
553,0.065356
678,0.063772
213,0.063195
637,0.062416
216,0.061661
23,0.060227
242,0.058926
521,0.057936
843,0.057615
770,0.057351
15,0.056653
131,0.054315
537,0.053743
660,0.052305
657,0.051307
753,0.049715
60,0.047608
74,0.047549
548,0.047271
846,0.046246
486,0.045747
728,0.04552
872,0.044844
564,0.044574
68,0.041322
782,0.041183
750,0.041086
836,0.040213
631,0.0397
737,0.038901
687,0.038062
720,0.037735
760,0.036944
844,0.036147
264,0.035781
251,0.035499
686,0.035037
246,0.03211
474,0.031993
627,0.031887
685,0.0311
72,0.029989
503,0.029795
514,0.026868
871,0.026022
867,0.022142
