3,11,35.56,19.9,29.42,20.8,6.14,16.4,25.37,17.8,10.19,28.1,8,0.19002,3.8,0.0040746,3.065,0.0027212,0.0016502,0.002725,30,0.0039126,0.00017553,0.0039638,11.824,0.0040565,0,0.0048939,0.0055677,326.29,0.0050773,0.010234,0.0078213,0.0033897,355.05,0.0038983,0
3,11,152.17,85.2,144.91,102.7,7.26,19.4,145.22,102,6.96,19.2,8,0.21585,3.8,0.0042275,2.341,0.0028617,0.0016051,0.0022577,29,0.0039121,0.00016755,0.0037364,11.205,0.0038811,0,0.0048939,0.0055677,326.29,0.0050773,0.0088405,0.0075195,0.0030754,330.44,0.0036888,0
3,20,33.7,22.3,19.41,17,14.29,38.5,20.44,17.7,13.27,36.9,6,0.1996,4.2,0.0041664,2.14,0.0022575,0.0015848,0.0020547,29,0.0039738,0.00016701,0.0038012,11.463,0.0039585,0,0.004734,0.0052431,308.68,0.0048415,0.0042552,0.0072356,0.0027851,319.49,0.0036106,0
1,4,34.43,24.5,33.73,32.8,0.7,1.9,7.69,15.6,26.74,29.3,8,0.23286,-3.5,0.0047621,0.7216,0.00061143,0.001506,0.0012161,21,0.0030962,0.00015984,0.0036077,10.933,0.0038082,0,0.0036378,0.0031501,211.4,0.0035821,0.0068596,0.0070087,0.0026649,319.18,0.0036243,0
3,15,120.91,88.8,102.05,85.1,18.86,116.2,103.91,85.9,17.01,112,2,0.34027,-1.6,0.0053886,1.76,0.00020831,0.0014006,0.00092415,18,0.0027725,0.00014433,0.0031882,9.7009,0.0034529,0,0.004223,0.0037716,236.03,0.0038883,0.0025678,0.0067728,0.0024656,316.77,0.0036236,0
1,2,194.69,81.5,161.91,80.5,32.77,87.4,55.21,71,139.48,86.6,2,0.31481,-4.5,0.0056384,1.133,5.992e-05,0.0013405,0.00072956,15,0.0024296,0.00014465,0.0032016,9.7414,0.0034646,0.00012742,0.0043334,0.0037603,248.46,0.0040941,0.022156,0.0067827,0.0025067,327.95,0.0037349,0
2,19,34.9,16.4,28.95,16.3,5.94,16.8,28.1,20.6,6.79,8.9,2,0.24521,-1.3,0.0045729,2.166,0.00069386,0.0014124,0.0011059,21,0.003126,0.00015251,0.0034453,10.473,0.0036761,0,0.0054184,0.004874,304.86,0.0048356,0.014783,0.0065838,0.0024621,323.28,0.0036935,1
2,16,104.03,89.3,86.89,111.2,17.14,44.6,54.33,111.9,49.7,73.1,8,0.29257,-0.8,0.0047648,2.504,0.0004016,0.0013699,0.00081641,18,0.0028079,0.00014821,0.0033281,10.097,0.0035655,0,0.0036118,0.0030874,199.77,0.0034049,0.011262,0.0064239,0.0022736,296.96,0.0034429,0
2,17,53.11,38.1,31.78,31.2,21.33,56.8,5.47,7.2,47.64,75,8,0.2222,-0.7,0.0041278,1.67,0.0022111,0.0015175,0.0018013,28,0.0038868,0.00015908,0.0036411,11.014,0.0038292,0,0.0042735,0.0036625,234,0.0038719,0.0083636,0.0062309,0.002267,294.52,0.0034203,0
2,3,74.62,51.8,73.22,68.9,1.4,3.7,20.18,43.7,54.44,55.7,8,0.20954,-3.5,0.0037463,0.3292,0.0027392,0.0015221,0.0017313,25,0.003515,0.00016136,0.0036904,11.103,0.0038516,0,0.0036443,0.0030647,202.24,0.0034484,0.0096475,0.0062425,0.0021731,288.49,0.0033703,1
1,4,125.86,89.7,119.72,116.6,6.15,16.3,45.83,93.1,80.03,87.8,4,0.26446,-3.5,0.0046643,1.806,0.00047555,0.0014556,0.0011514,17,0.0025793,0.00015193,0.0034408,10.348,0.0036327,0,0.0036378,0.0031501,211.4,0.0035821,0.013132,0.0064443,0.002192,292.42,0.0034072,1
2,7,121.66,68.2,114.11,80.9,7.55,20.1,41.99,80.4,79.67,63.1,4,0.24046,-3.5,0.004648,1.733,0.00065247,0.0014728,0.0015472,21,0.002995,0.00015596,0.0035739,10.733,0.0037432,0,0.0040011,0.0034851,222.76,0.0037167,0.019625,0.0067222,0.0023611,311.37,0.0035782,1
1,6,22.76,13.2,21.05,15.6,1.71,4.6,6.84,11.3,15.92,14.2,1,0.17148,-3.5,0.0036565,0.4397,0.0029549,0.0015773,0.0023239,29,0.0038765,0.00017119,0.0040139,12.039,0.0041203,0.00090972,0.0038152,0.0033884,223,0.0037339,0.016691,0.0068509,0.002528,327.33,0.0037211,1
1,6,82.09,47.7,80.7,59.9,1.39,3.7,56.72,94.1,25.37,22.7,1,0.18474,-3.5,0.0041969,-0.1217,0.0015382,0.0015674,0.001922,27,0.003711,0.00016534,0.003838,11.531,0.0039749,0.00090972,0.0038152,0.0033884,223,0.0037339,0.0019442,0.0071063,0.0027115,328.71,0.003706,0
2,16,55.92,48,53.74,68.8,2.18,5.7,29.14,60,26.78,39.4,1,0.21392,-0.8,0.0044388,1.116,0.0003444,0.0014684,0.0015244,21,0.0029862,0.00016079,0.0037159,11.13,0.0038566,0,0.0036118,0.0030874,199.77,0.0034049,0.022083,0.0075532,0.002924,365.01,0.0040474,0
3,10,43.03,24.6,42.91,31.1,0.13,0.3,42.91,30.8,0.13,0.4,1,0.16709,4.5,0.0037134,1.485,0.0017072,0.0016667,0.0027544,30,0.0038908,0.00017607,0.0041237,12.257,0.0041779,0,0.004613,0.0051179,300.73,0.0047322,0.03206,0.007815,0.0029992,369.74,0.004085,1
3,11,4.34,2.4,4.3,3,0.04,0.1,4.3,3,0.04,0.1,1,0.1481,3.8,0.0033921,0.5206,0.0054002,0.0017575,0.0041521,40,0.004912,0.00018661,0.0043808,12.996,0.0043905,0,0.0048939,0.0055677,326.29,0.0050773,0.010601,0.0079906,0.0037093,424.46,0.0045527,1
2,7,78.67,44.1,78.67,55.8,0,0,40.17,76.9,38.5,30.5,1,0.17612,-3.5,0.0041811,1.457,0.00090096,0.0016207,0.0024454,26,0.0034298,0.00017234,0.0039922,11.895,0.0040754,0,0.0040011,0.0034851,222.76,0.0037167,0.018708,0.0081711,0.0038127,428.41,0.0045775,0
1,4,61.85,44.1,61.37,59.8,0.48,1.3,23.98,48.7,37.86,41.5,1,0.19468,-3.5,0.0041552,3.32,0.0011301,0.0016447,0.0026462,27,0.0035048,0.00017012,0.0039201,11.641,0.0039998,0,0.0036378,0.0031501,211.4,0.0035821,0.027622,0.0084028,0.003601,410.44,0.0044169,0
3,10,4.84,2.8,4.84,3.5,0,0,4.84,3.5,0,0,1,0.15401,4.5,0.0034675,2.635,0.0041788,0.001773,0.0045059,38,0.0045675,0.00018909,0.0043979,12.961,0.0043763,0,0.004613,0.0051179,300.73,0.0047322,0.039177,0.0087383,0.004161,456.14,0.004815,0
3,10,53.41,30.5,46.9,34,6.51,17.5,46.9,33.7,6.51,18.1,1,0.16149,4.5,0.0038067,2.794,0.0027019,0.0017361,0.0036697,31,0.0038467,0.00018667,0.0042802,12.639,0.0042854,0,0.004613,0.0051179,300.73,0.0047322,0.016177,0.0088115,0.0046386,470.4,0.0049107,0
2,17,92.19,66.2,72.9,71.7,19.3,51.4,40.22,53.1,51.97,81.8,1,0.22626,-0.7,0.0042361,3.384,0.00041967,0.0015848,0.0019484,20,0.0027543,0.00016901,0.0037924,11.244,0.003885,0,0.0042735,0.0036625,234,0.0038719,0.0014306,0.0087647,0.0044247,463.29,0.0048557,0
1,2,120.74,50.6,101.44,50.4,19.29,51.4,42.38,54.5,78.35,48.7,1,0.21686,-4.5,0.0042016,3.384,0.0010737,0.0016181,0.0025078,24,0.003134,0.00017164,0.0038605,11.402,0.0039282,0.00012742,0.0043334,0.0037603,248.46,0.0040941,0.037966,0.0091039,0.004003,426.93,0.0045367,0
3,14,22.65,11.4,22.65,13.8,0,0,22.65,13.7,0,0,8,0.16736,2.8,0.0034941,0.708,0.0025678,0.0017212,0.004049,33,0.0039879,0.00018802,0.0042814,12.569,0.0042616,0,0.0050141,0.0054846,324.13,0.0050553,0.073145,0.0096049,0.004526,446.29,0.004684,0
3,15,118.21,86.8,91.88,76.6,26.34,162.3,92.15,76.2,26.06,171.6,4,0.19871,-1.6,0.0037738,1.22,0.0014488,0.0017153,0.0030987,25,0.0031784,0.00018439,0.0040967,12.029,0.0041071,0,0.004223,0.0037716,236.03,0.0038883,0.07861,0.0098057,0.0052674,473.22,0.0048869,0
2,3,46.84,32.5,45.19,42.5,1.65,4.4,4.16,9,42.67,43.7,4,0.16028,-3.5,0.0033415,-0.2953,0.0037814,0.0018248,0.0047708,33,0.0039096,0.00020082,0.0045267,13.183,0.0044348,0,0.0036443,0.0030647,202.24,0.0034484,0.020359,0.0099724,0.0063919,525.72,0.0053126,0
3,20,10.36,6.8,0.86,0.7,9.5,25.6,0.95,0.8,9.41,26.2,5,0.13358,4.2,0.003054,-0.3243,0.013248,0.002,0.0071784,49,0.0055098,0.00021514,0.0049146,14.225,0.0047308,0,0.004734,0.0052431,308.68,0.0048415,0.07076,0.010042,0.0071768,567.97,0.0056665,0
3,20,37.14,24.5,37.14,32.5,0,0,37.14,32.2,0,0,5,0.13743,4.2,0.0032655,1.188,0.0098686,0.0019685,0.0061731,41,0.0047286,0.00021461,0.0048205,13.969,0.0046591,0,0.004734,0.0052431,308.68,0.0048415,0.077473,0.010218,0.0084964,602.48,0.0059192,0
3,11,27.14,15.2,7.58,5.4,19.56,52.1,7.58,5.3,19.56,53.9,5,0.13482,3.8,0.0030733,0.5482,0.016168,0.0019802,0.0064711,47,0.0054082,0.00021541,0.0048764,14.159,0.0047146,0,0.0048939,0.0055677,326.29,0.0050773,0.013316,0.0098297,0.0073381,541.96,0.0054206,0
3,13,13.25,6.8,11.72,7.5,1.53,4.1,11.88,7.5,1.37,3.8,8,0.14422,1.9,0.0033058,-0.4634,0.016204,0.0019802,0.0059356,43,0.0050212,0.00021264,0.004755,13.856,0.0046305,0,0.0048607,0.0050716,300.58,0.004737,0.05484,0.0097421,0.0076536,536.19,0.0053597,0
1,12,154.49,76.9,145.81,89.3,8.68,23.1,110.1,94.4,44.39,52.7,8,0.17929,-3.9,0.0036664,0.5438,0.00454,0.0017986,0.0036254,31,0.0039017,0.00019286,0.0042614,12.583,0.0042715,0.001947,0.0043296,0.0037354,248.31,0.0040957,0.048568,0.0089304,0.0047609,406.17,0.0043005,0
2,7,15.52,8.7,9.79,6.9,5.73,15.3,2.25,4.3,13.27,10.5,6,0.1641,-3.5,0.0034539,-0.3532,0.0078067,0.0017483,0.0035122,36,0.0045809,0.000189,0.0042945,12.771,0.0043293,0,0.0040011,0.0034851,222.76,0.0037167,0.041781,0.0083523,0.0038397,379.31,0.0041104,1
2,17,42.75,30.7,42.41,41.7,0.33,0.9,35.49,46.9,7.26,11.4,8,0.18433,-0.7,0.0039769,-0.6746,0.0023226,0.0016584,0.0021883,26,0.0035527,0.00017719,0.0039942,11.95,0.0040957,0,0.0042735,0.0036625,234,0.0038719,0.024797,0.0078905,0.0034231,362.31,0.00398,1
3,1,34.88,32.3,30.15,43.4,4.72,12.3,31.05,43.5,3.83,10.5,1,0.20364,1.8,0.004149,0.1693,0.0010853,0.0016026,0.0017132,23,0.0032592,0.00016768,0.0038086,11.45,0.0039535,0,0.0042833,0.0041726,253.62,0.0041123,0.029236,0.0075906,0.0029888,338.11,0.0037772,0
2,7,109.34,61.3,108.61,77,0.73,2,48.62,93.1,60.72,48.1,1,0.19462,-3.5,0.0040792,-0.7037,0.0020399,0.0016502,0.0021442,25,0.0034067,0.00017436,0.0039153,11.681,0.004016,0,0.0040011,0.0034851,222.76,0.0037167,0.0015773,0.0075502,0.0034535,366.19,0.0040123,0
3,11,9.97,5.6,9.55,6.8,0.42,1.1,9.55,6.7,0.42,1.2,1,0.15283,3.8,0.003365,-0.5346,0.0062312,0.0017544,0.0037372,35,0.0043873,0.00019326,0.0044218,13.096,0.00442,0,0.0048939,0.0055677,326.29,0.0050773,0.010711,0.0077933,0.0040177,394.84,0.0042507,1
1,2,39.03,16.3,38.72,19.2,0.32,0.8,12.73,16.4,26.31,16.3,1,0.15376,-4.5,0.0031743,-0.06604,0.0052923,0.0017212,0.0030034,34,0.0044108,0.00018431,0.0042846,12.767,0.004328,0.00012742,0.0043334,0.0037603,248.46,0.0040941,0.014856,0.0073021,0.0032056,356.67,0.0039402,1
3,1,47.78,44.3,46.84,67.5,0.94,2.4,46.84,65.6,0.94,2.6,1,0.18601,1.8,0.0036783,-0.5177,0.0033657,0.0015949,0.0020798,28,0.0038072,0.00017333,0.0039988,11.929,0.0040864,0,0.0042833,0.0041726,253.62,0.0041123,0.017204,0.0073268,0.0031858,361.36,0.0039874,0
3,13,5.06,2.6,5.06,3.2,0,0,5.06,3.2,0,0,1,0.15023,1.9,0.0033517,-0.5566,0.0028985,0.0017301,0.0033632,33,0.0041579,0.00018758,0.0043616,12.913,0.0043661,0,0.0048607,0.0050716,300.58,0.004737,0.021973,0.0076881,0.0035546,380.67,0.0041464,0
3,13,6.25,3.2,6.25,4,0,0,6.25,4,0,0,1,0.13846,1.9,0.0026574,-0.193,0.011242,0.001845,0.0046105,44,0.0053285,0.00019638,0.0045887,13.546,0.0045464,0,0.0048607,0.0050716,300.58,0.004737,0.012142,0.0074047,0.0032929,371.36,0.0040788,1
2,17,73.87,53,69.51,68.4,4.36,11.6,56.08,74.1,17.79,28,1,0.16541,-0.7,0.0030482,-0.6321,0.00496,0.0016393,0.0026291,33,0.0043241,0.0001777,0.004154,12.355,0.0042068,0,0.0042735,0.0036625,234,0.0038719,0.0095741,0.0070463,0.0027222,332.55,0.0037444,1
3,10,51.52,29.4,51.52,37.3,0,0,51.52,37,0,0,1,0.1664,4.5,0.0034073,-0.319,0.0019433,0.0015699,0.0023363,31,0.0040831,0.000175,0.0041122,12.238,0.0041733,0,0.004613,0.0051179,300.73,0.0047322,0.0052456,0.0070048,0.0029885,367.5,0.0040716,0
3,10,0.23,0.1,0.23,0.2,0,0,0.23,0.2,0,0,1,0.13836,4.5,0.0028079,-0.6919,0.0060045,0.0017889,0.003951,41,0.0050664,0.0001904,0.0045057,13.328,0.0044841,0,0.004613,0.0051179,300.73,0.0047322,0.015297,0.0072942,0.0030396,371.7,0.0041095,0
1,2,55.98,23.4,40.25,20,15.73,41.9,32.57,41.9,23.41,14.5,1,0.14797,-4.5,0.0026413,-0.7567,0.0049842,0.0017575,0.0036901,37,0.0046134,0.00018718,0.0044097,13.049,0.0044035,0.00012742,0.0043334,0.0037603,248.46,0.0040941,0.018048,0.0069202,0.0026685,354.62,0.0039812,1
1,4,65.76,46.8,65.65,63.9,0.12,0.3,22.91,46.5,42.85,47,8,0.19288,-3.5,0.0036422,-0.3296,0.0011236,0.0015601,0.002008,26,0.0035124,0.00016797,0.0039214,11.71,0.0040224,0,0.0036378,0.0031501,211.4,0.0035821,0.0035215,0.0067647,0.0026665,367.13,0.0041117,0
1,12,180.61,89.9,159.52,97.7,21.09,56.2,111.31,95.5,69.3,82.3,4,0.23417,-3.9,0.0042304,0.832,0.00055388,0.0015083,0.0016093,22,0.0031042,0.00015974,0.0036529,10.927,0.003797,0.001947,0.0043296,0.0037354,248.31,0.0040957,0.0081068,0.0067398,0.0023983,325.25,0.0037152,1
1,6,140.7,81.7,121.9,90.5,18.8,50.1,60.33,100.1,80.37,71.8,4,0.31614,-3.5,0.0051768,1.23,0.00011216,0.0013966,0.00094237,15,0.0023419,0.00014862,0.0033584,10.086,0.0035557,0.00090972,0.0038152,0.0033884,223,0.0037339,0.00029346,0.0066617,0.0023769,314.24,0.0036025,0
2,17,20.63,14.8,10.33,10.2,10.3,27.4,4.8,6.3,15.83,24.9,8,0.22581,-0.7,0.0042894,-0.7376,0.0009065,0.0015198,0.0018293,26,0.0035728,0.00015862,0.0036806,11.06,0.003838,0,0.0042735,0.0036625,234,0.0038719,0.015076,0.0070361,0.0026941,353.27,0.0039643,1
3,15,69.86,51.3,69.86,58.3,0,0,69.86,57.8,0,0,8,0.26214,-1.6,0.0049105,3.172,0.00059112,0.0014514,0.0014054,23,0.0032924,0.00015297,0.003501,10.513,0.0036795,0,0.004223,0.0037716,236.03,0.0038883,0.018084,0.007302,0.0026561,335.02,0.0037794,1
1,12,129.97,64.7,122.79,75.2,7.18,19.1,92.99,79.8,36.98,43.9,1,0.20532,-3.9,0.0046085,-0.7291,0.00067503,0.0015129,0.0017925,26,0.003596,0.00016228,0.0037532,11.231,0.0038851,0.001947,0.0043296,0.0037354,248.31,0.0040957,0.0052089,0.0075765,0.0027395,334.05,0.0037596,1
1,6,100.96,58.6,95.26,70.7,5.7,15.2,66.53,110.4,34.43,30.7,1,0.24607,-3.5,0.0050255,0.05995,0.00021093,0.0014388,0.0012664,18,0.002657,0.00015828,0.0035855,10.708,0.0037333,0.00090972,0.0038152,0.0033884,223,0.0037339,0.0063827,0.0079459,0.0031374,361.5,0.0039911,1
1,6,74.23,43.1,74.23,55.1,0,0,21.37,35.4,52.87,47.2,1,0.2027,-3.5,0.0043177,-0.5612,0.00088112,0.0015221,0.0018789,26,0.003547,0.00016417,0.0037968,11.343,0.003917,0.00090972,0.0038152,0.0033884,223,0.0037339,0.00011005,0.0078772,0.0033188,383.87,0.0041966,0
3,14,1.92,1,1.92,1.2,0,0,1.92,1.2,0,0,1,0.15156,2.8,0.0034095,-0.7515,0.0030225,0.001675,0.0028451,35,0.0045109,0.00018069,0.0042844,12.733,0.0043151,0,0.0050141,0.0054846,324.13,0.0050553,0.039984,0.0078807,0.0034159,403.33,0.0043859,1
3,20,44.18,29.2,44.18,38.7,0,0,44.18,38.3,0,0,1,0.15409,4.2,0.0035233,-0.4465,0.0034305,0.0017637,0.0036231,35,0.0043558,0.00018616,0.004339,12.805,0.0043323,0,0.004734,0.0052431,308.68,0.0048415,0.08437,0.0085179,0.0038223,402.93,0.0043383,0
3,14,112.4,56.3,111.42,67.9,0.98,2.8,111.42,67.4,0.98,2.9,1,0.18241,2.8,0.0038013,-0.7517,0.0014035,0.001642,0.0024906,25,0.0032983,0.00017797,0.0040741,12.038,0.0041123,0,0.0050141,0.0054846,324.13,0.0050553,0.095118,0.008854,0.0044572,441.14,0.0046559,1
2,19,41.23,19.4,41.23,23.2,0,0,5.97,4.4,35.26,46.2,1,0.1507,-1.3,0.0033387,-0.5229,0.0036347,0.0017422,0.0034219,34,0.0042622,0.0001881,0.0043734,12.889,0.0043561,0,0.0054184,0.004874,304.86,0.0048356,0.027255,0.0088943,0.0045556,437.59,0.004613,0
3,1,0.37,0.3,0.37,0.5,0,0,0.37,0.5,0,0,1,0.13167,1.8,0.00289,-0.4899,0.01322,0.001912,0.0057939,48,0.0056263,0.00020622,0.0047982,14.019,0.0046762,0,0.0042833,0.0041726,253.62,0.0041123,0.10543,0.0091699,0.0052935,476.7,0.0049382,0
1,4,55.33,39.4,52.67,51.3,2.66,7.1,25.08,50.9,30.25,33.2,1,0.14308,-3.5,0.0032572,-0.6561,0.007677,0.0018349,0.0048392,39,0.0046372,0.00020225,0.0046419,13.533,0.004536,0,0.0036378,0.0031501,211.4,0.0035821,0.10678,0.0095115,0.0063716,499.57,0.0050839,1
1,2,102.21,42.8,101.51,50.4,0.7,1.9,32.48,41.8,69.73,43.3,1,0.1545,-4.5,0.0034469,-0.7567,0.0053819,0.0017857,0.0040398,34,0.0041501,0.00019571,0.004442,12.992,0.0043828,0.00012742,0.0043334,0.0037603,248.46,0.0040941,0.015223,0.0095921,0.007253,540.58,0.0054205,1
3,11,0.11,0.1,0.11,0.1,0,0,0.11,0.1,0,0,1,0.13385,3.8,0.0030123,-0.4589,0.011724,0.0019305,0.0060483,46,0.0053335,0.0002121,0.0048455,14.094,0.0046964,0,0.0048939,0.0055677,326.29,0.0050773,0.029823,0.0097822,0.0079686,551.51,0.0054888,0
3,10,0.82,0.5,0.82,0.6,0,0,0.82,0.6,0,0,1,0.12152,4.5,0.0029363,-0.6459,0.011177,0.0020284,0.0073533,47,0.0052599,0.00022437,0.0051237,14.781,0.004889,0,0.004613,0.0051179,300.73,0.0047322,0.10942,0.010215,0.012371,696.83,0.0066312,1
1,2,109.46,45.8,109.28,54.3,0.18,0.5,29.93,38.5,79.53,49.4,1,0.13745,-4.5,0.0034766,-0.7567,0.0062112,0.0019084,0.0055081,36,0.0041958,0.00021027,0.0047477,13.783,0.0046074,0.00012742,0.0043334,0.0037603,248.46,0.0040941,0.088772,0.010298,0.013796,734.83,0.0069182,1
3,11,91.08,51,87.33,61.9,3.75,10,87.33,61.4,3.75,10.3,1,0.14425,3.8,0.0034934,-0.6699,0.007672,0.0019342,0.0053384,37,0.0043435,0.00020991,0.0046734,13.591,0.0045536,0,0.0048939,0.0055677,326.29,0.0050773,0.09321,0.010357,0.015079,739.01,0.0069186,0
3,11,0,0,0,0,0,0,0,0,0,0,1,0.12174,3.8,0.003103,-0.6694,0.016965,0.0021231,0.0079985,49,0.0054506,0.00022855,0.0051563,14.856,0.0049108,0,0.0048939,0.0055677,326.29,0.0050773,0.10172,0.010419,0.017332,827.75,0.007637,0
3,10,0.06,0,0.06,0,0,0,0.06,0,0,0,1,0.12277,4.5,0.0032317,-0.6438,0.0096349,0.0020877,0.0083525,48,0.0052846,0.00022637,0.0051098,14.743,0.0048799,0,0.004613,0.0051179,300.73,0.0047322,0.060893,0.010415,0.0178,832.69,0.0076671,0
1,6,87.21,50.6,80.97,60.1,6.23,16.6,38.32,63.6,48.89,43.7,1,0.15042,-3.5,0.0036161,-0.756,0.010447,0.0019569,0.0054653,35,0.0041257,0.00020946,0.0046304,13.5,0.0045309,0.00090972,0.0038152,0.0033884,223,0.0037339,0.053776,0.010403,0.018049,819.53,0.00754,1
1,6,55.57,32.3,55.24,41,0.33,0.9,9.81,16.3,45.76,40.9,1,0.14016,-3.5,0.0035173,-0.7268,0.0036951,0.0019417,0.0056221,33,0.0038512,0.00021584,0.0047796,13.886,0.004639,0.00090972,0.0038152,0.0033884,223,0.0037339,0.087268,0.01048,0.017995,827.2,0.007611,0
3,1,0.1,0.1,0.1,0.1,0,0,0.1,0.1,0,0,1,0.12703,1.8,0.0033127,-0.5612,0.011225,0.0020534,0.0079571,46,0.0051235,0.00022675,0.0050972,14.72,0.0048745,0,0.0042833,0.0041726,253.62,0.0041123,0.12887,0.01051,0.018003,859.62,0.0078996,0
3,11,29.51,16.5,27.65,19.6,1.86,5,28.56,20.1,0.95,2.6,3,0.1461,3.8,0.0035392,-0.7523,0.03009,0.0020121,0.006845,45,0.0053354,0.00021178,0.0047242,13.809,0.0046219,0,0.0048939,0.0055677,326.29,0.0050773,0.01559,0.01027,0.013454,699.06,0.0066166,1
2,3,98.63,68.5,83.78,78.9,14.85,39.4,12.9,27.9,85.73,87.7,3,0.17487,-3.5,0.0039681,-0.6711,0.041749,0.001938,0.0049283,35,0.0045238,0.00020057,0.0043912,12.93,0.004374,0,0.0036443,0.0030647,202.24,0.0034484,0.016507,0.010067,0.011701,641.62,0.0061573,0
1,6,41.84,24.3,39.23,29.1,2.61,7,4.74,7.9,37.1,33.1,3,0.16052,-3.5,0.00365,-0.2762,0.017651,0.0019455,0.0055661,37,0.0045399,0.00020449,0.0045162,13.249,0.0044625,0.00090972,0.0038152,0.0033884,223,0.0037339,0.031363,0.0098469,0.0090033,566.43,0.0055773,0
3,11,16.56,9.3,8.49,6,8.06,21.5,9.04,6.4,7.52,20.7,2,0.18273,3.8,0.0038346,-0.6279,0.017702,0.0018553,0.00458,33,0.0043436,0.00019471,0.004339,12.862,0.0043582,0,0.0048939,0.0055677,326.29,0.0050773,0.038847,0.0092139,0.0061382,450.03,0.0046336,1
3,15,39.85,29.3,39.47,32.9,0.38,2.3,39.47,32.6,0.38,2.5,8,0.23692,-1.6,0.0041467,-0.7156,0.013745,0.0016722,0.0024318,24,0.0037198,0.00017552,0.0038487,11.577,0.0039964,0,0.004223,0.0037716,236.03,0.0038883,0.016874,0.0071056,0.0031059,302.21,0.0034117,1
3,14,78.86,39.5,47.74,29.1,31.12,88,47.87,29,31,90.6,5,0.28376,2.8,0.0047065,-0.377,0.018878,0.0015385,0.0011455,19,0.0036196,0.00016374,0.0035828,10.982,0.0038371,0,0.0050141,0.0054846,324.13,0.0050553,0.010051,0.0061209,0.0024199,261.63,0.0030698,1
2,7,99.58,55.8,99.08,70.3,0.5,1.3,37.44,71.7,62.14,49.2,5,0.35548,-3.5,0.0064181,1.1,0.012201,0.0014493,0.00064505,16,0.0034273,0.00014782,0.0032124,9.9997,0.0035612,0,0.0040011,0.0034851,222.76,0.0037167,0.00014673,0.0052942,0.0019916,234.9,0.0028398,0
1,12,188.76,94,164.08,100.5,24.68,65.8,116.53,100,72.23,85.7,5,0.4064,-3.9,0.0083487,1.225,0.0018259,0.0012658,0.00021913,14,0.0034647,0.00013759,0.0029689,9.386,0.0033923,0.001947,0.0043296,0.0037354,248.31,0.0040957,3.6682e-05,0.0040893,0.0019262,227.61,0.002772,0
1,12,104.34,52,100.69,61.7,3.65,9.7,57.48,49.3,46.86,55.6,5,0.40972,-3.9,0.0080786,0.4733,0.0027366,0.0012674,0.00021984,15,0.0037274,0.00013193,0.0028744,9.2315,0.0033577,0.001947,0.0043296,0.0037354,248.31,0.0040957,3.6682e-05,0.0040291,0.0018784,225.46,0.0027562,0
1,6,99.62,57.8,74.83,55.5,24.8,66.1,31.42,52.1,68.21,60.9,5,0.44577,-3.5,0.011023,0.7302,0.005898,0.0011655,9.4998e-05,15,0.0041205,0.00012227,0.0026488,8.645,0.0031961,0.00090972,0.0038152,0.0033884,223,0.0037339,3.6682e-05,0.0039756,0.0018001,222.93,0.0027392,0
3,20,69.24,45.7,67.38,59,1.87,5,69.24,60,0,0,5,0.46557,4.2,0.012441,-0.2566,0.010641,0.001139,6.8313e-05,16,0.0045556,0.00011927,0.0025607,8.4102,0.0031321,0,0.004734,0.0052431,308.68,0.0048415,3.6682e-05,0.0040523,0.0017513,221.98,0.0027355,0
2,17,94.58,67.9,74.39,73.1,20.19,53.7,69.8,92.2,24.78,39,5,0.49292,-0.7,0.016199,1.148,0.0022029,0.0010977,3.0334e-05,13,0.0039598,0.00011121,0.0023844,7.9489,0.0030055,0,0.0042735,0.0036625,234,0.0038719,0,0.0042837,0.0017318,223.83,0.0027561,0
2,17,37.62,27,33.62,33.1,4,10.6,14.06,18.6,23.56,37.1,8,0.62579,-0.7,0.019036,-0.7166,8.6768e-05,0.00095147,1.3004e-05,11,0.0035353,0.00011075,0.0023409,7.7942,0.0029601,0,0.0042735,0.0036625,234,0.0038719,0,0.0041683,0.0017665,223.11,0.0027428,0
3,15,137.65,101.1,113.71,94.8,23.94,147.5,114.51,94.7,23.14,152.3,4,1,-1.6,0.024231,-0.488,0,0.0009058,5.511e-06,8,0.0028049,0.00010489,0.0021574,7.0822,0.0027407,0,0.004223,0.0037716,236.03,0.0038883,0,0.0041272,0.0017967,223.22,0.002739,0
3,11,147.05,82.3,127.55,90.4,19.51,52,128.05,90,19,52.3,4,0.92594,3.8,0.025765,-0.2433,0,0.0009058,5.511e-06,8,0.0028049,0.0001002,0.0020681,6.8391,0.0026723,0,0.0048939,0.0055677,326.29,0.0050773,0,0.0041888,0.0017758,223.76,0.0027476,0
1,4,126.16,89.9,97.61,95.1,28.55,75.7,34.48,70,91.68,100.6,2,0.77239,-3.5,0.023143,0.0699,3.3924e-05,0.00092593,9.9802e-06,10,0.003298,9.9443e-05,0.002083,6.9477,0.0027088,0,0.0036378,0.0031501,211.4,0.0035821,0,0.0042309,0.0017619,224.12,0.0027535,0
3,20,82.54,54.5,82.1,71.8,0.44,1.2,82.54,71.5,0,0,8,0.75838,4.2,0.021851,1.228,8.6768e-05,0.00095147,1.3004e-05,11,0.0035353,0.00010309,0.002173,7.2484,0.002798,0,0.004734,0.0052431,308.68,0.0048415,0,0.0041362,0.0017697,222.86,0.0027397,0
2,16,59.44,51,35.97,46.1,23.47,61.1,15.19,31.3,44.25,65.1,5,0.56775,-0.8,0.017245,3.384,0.0024233,0.0010989,3.5488e-05,14,0.0041785,0.00010968,0.0023442,7.7993,0.0029594,0,0.0036118,0.0030874,199.77,0.0034049,0,0.0041287,0.00177,223.6,0.0027483,0
2,19,141.26,66.4,141.26,79.6,0,0,98.4,72.1,42.86,56.2,5,0.47257,-1.3,0.0137,-0.2962,0.0071205,0.0011325,5.314e-05,15,0.004366,0.0001192,0.0025434,8.3626,0.0031189,0,0.0054184,0.004874,304.86,0.0048356,3.6682e-05,0.0041134,0.0017651,223.52,0.0027497,0
1,9,143.12,78.3,118.27,80.4,24.85,69.4,85.12,87.6,58,67.7,5,0.43347,-3.2,0.011708,1.232,0.005898,0.0011655,9.4998e-05,15,0.0041205,0.00012523,0.0026765,8.6828,0.0032039,0,0.0040343,0.0035211,225.1,0.0037501,0,0.0040337,0.0017895,223.07,0.0027422,0
3,8,21.01,26.2,17.67,54.7,3.34,7,17.92,47.7,3.09,7.3,5,0.43851,-0.4,0.007502,-0.7098,0.0081179,0.0012034,0.00012854,15,0.0039909,0.00013728,0.0029441,9.423,0.0034129,0,0.0038118,0.003336,212.56,0.0035736,0,0.0040318,0.0018767,223.07,0.0027297,0
3,20,94.52,62.4,70.52,61.7,24,64.6,70.52,61.1,24,66.7,5,0.33072,4.2,0.005443,-0.351,0.028347,0.0014388,0.00051692,18,0.0040863,0.00014717,0.0032077,10.141,0.0036141,0,0.004734,0.0052431,308.68,0.0048415,0,0.0044024,0.0019577,228.59,0.0027797,0
2,16,30.67,26.3,30.62,39.2,0.04,0.1,21.27,43.8,9.39,13.8,5,0.31791,-0.8,0.0047153,1.224,0.026274,0.0014903,0.00075042,18,0.0037926,0.00015301,0.0033377,10.404,0.0036808,0,0.0036118,0.0030874,199.77,0.0034049,0.0016507,0.0050329,0.0020731,238.19,0.0028666,0
3,14,178.13,89.3,160.69,97.9,17.44,49.3,161.55,97.8,16.57,48.4,5,0.24943,2.8,0.0044536,-0.6623,0.01417,0.0015974,0.0014359,20,0.0034737,0.00016686,0.0036623,11.203,0.0039002,0,0.0050141,0.0054846,324.13,0.0050553,0.0075566,0.0057514,0.0025804,271.77,0.0031566,1
2,19,111.18,52.3,90.9,51.2,20.28,57.3,71.35,52.3,39.83,52.2,8,0.29549,-1.3,0.0052281,0.4789,0.0038301,0.0015528,0.0014756,19,0.0032428,0.00016056,0.0035327,10.769,0.0037706,0,0.0054184,0.004874,304.86,0.0048356,3.6682e-05,0.006118,0.0023767,260.68,0.0030602,1
2,16,26.52,22.8,9.23,11.8,17.29,45,8.96,18.5,17.56,25.8,8,0.23624,-0.8,0.0047099,-0.6407,0.0086398,0.0016639,0.0031211,28,0.0039259,0.00017176,0.0038518,11.594,0.0040006,0,0.0036118,0.0030874,199.77,0.0034049,0.011628,0.0070537,0.0030681,308.4,0.0034721,1
1,12,136.05,67.7,132.72,81.3,3.32,8.9,84.98,72.9,51.06,60.6,8,0.21389,-3.9,0.0044399,-0.1404,0.0059792,0.0016502,0.0031476,29,0.003891,0.00017247,0.0039195,11.709,0.0040279,0.001947,0.0043296,0.0037354,248.31,0.0040957,0.012692,0.0080414,0.0036645,361.56,0.0039364,0
3,10,34.09,19.5,29.72,21.5,4.38,11.8,29.72,21.4,4.38,12.2,5,0.15516,4.5,0.003738,-0.7137,0.0080906,0.0017825,0.005005,41,0.0050282,0.00019088,0.0044371,13.103,0.004423,0,0.004613,0.0051179,300.73,0.0047322,0.017901,0.0085936,0.0048148,443.5,0.004645,1
2,5,0,0,0,0,0,0,0,0,0,0,5,0.1371,2.5,0.0035525,-0.7016,0.0072446,0.0018692,0.0065792,46,0.0053182,0.00019911,0.0046945,13.733,0.0045973,0,0.0047333,0.0047748,286.57,0.0045538,0.021129,0.0088121,0.0051185,471.58,0.0048882,0
3,8,0,0,0,0,0,0,0,0,0,0,5,0.12039,-0.4,0.0029412,-0.7519,0.013542,0.0019881,0.0085689,56,0.0062199,0.00021566,0.0050953,14.713,0.0048704,0,0.0038118,0.003336,212.56,0.0035736,0.028686,0.00925,0.0059428,504.48,0.0051492,0
3,20,0,0,0,0,0,0,0,0,0,0,5,0.1173,4.2,0.0025767,-0.7358,0.013808,0.002004,0.0089596,56,0.0061516,0.00021792,0.0052025,14.952,0.0049344,0,0.004734,0.0052431,308.68,0.0048415,0.016067,0.0088436,0.0047483,437.85,0.0045939,0
2,16,0,0,0,0,0,0,0,0,0,0,5,0.11376,-0.8,0.0023184,-0.7401,0.007398,0.0019685,0.0081499,48,0.0053208,0.0002228,0.0053077,15.171,0.0049933,0,0.0036118,0.0030874,199.77,0.0034049,0.037783,0.008949,0.0044362,419.02,0.0044408,0
3,10,12.35,7.1,12.21,8.8,0.14,0.4,12.21,8.8,0.14,0.4,5,0.11718,4.5,0.0020987,-0.7367,0.014029,0.002,0.0080867,51,0.0057652,0.00021943,0.0051985,14.906,0.0049184,0,0.004613,0.0051179,300.73,0.0047322,0.039947,0.0081413,0.0031544,352.82,0.0039103,0
3,20,45.14,29.8,30.19,26.4,14.94,40.2,30.19,26.1,14.94,41.5,4,0.14363,4.2,0.0026614,-0.5253,0.0093765,0.001912,0.005721,39,0.0046201,0.00020236,0.004749,13.721,0.0045825,0,0.004734,0.0052431,308.68,0.0048415,0.052786,0.0079211,0.0028005,336.77,0.0037877,1
1,2,77.75,32.6,77.75,38.6,0,0,44.97,57.8,32.78,20.4,4,0.15451,-4.5,0.0028001,-0.7567,0.0090085,0.0018622,0.0049843,35,0.0042312,0.000201,0.0046389,13.408,0.0044932,0.00012742,0.0043334,0.0037603,248.46,0.0040941,0.018745,0.0079847,0.0028406,333.01,0.0037433,1
3,1,21.61,20,21.21,30.6,0.39,1,21.21,29.7,0.39,1.1,3,0.12952,1.8,0.002258,-0.7582,0.014506,0.002008,0.0068703,44,0.0050532,0.00021706,0.0050505,14.523,0.0048101,0,0.0042833,0.0041726,253.62,0.0041123,0.03947,0.0082716,0.0030665,342.42,0.0038152,1
3,8,0,0,0,0,0,0,0,0,0,0,3,0.10895,-0.4,0.0022067,-0.7519,0.010034,0.0020367,0.0080733,47,0.0052183,0.00022846,0.0053899,15.366,0.005047,0,0.0038118,0.003336,212.56,0.0035736,0.050402,0.008972,0.0047143,453.44,0.0047567,0
1,6,51.37,29.8,44.09,32.7,7.28,19.4,11.72,19.4,39.65,35.4,3,0.12633,-3.5,0.0026857,-0.756,0.0049214,0.0019342,0.0065953,39,0.0044382,0.00021255,0.0049532,14.225,0.0047248,0.00090972,0.0038152,0.0033884,223,0.0037339,0.009244,0.0089455,0.0046851,449.19,0.0047139,0
2,16,3.04,2.6,3.04,3.9,0,0,3.04,6.3,0,0,3,0.13356,-0.8,0.0027158,-0.4572,0.010642,0.0019724,0.0070906,46,0.0052056,0.00021373,0.0049154,14.161,0.0047085,0,0.0036118,0.0030874,199.77,0.0034049,0.023697,0.0091937,0.0049045,437.5,0.0045845,1
3,13,0,0,0,0,0,0,0,0,0,0,3,0.11815,1.9,0.0026648,-0.7343,0.012472,0.0020367,0.008264,51,0.0056317,0.00022625,0.0052142,14.955,0.0049344,0,0.0048607,0.0050716,300.58,0.004737,0.03826,0.0096764,0.0078429,575.15,0.0057049,0
1,6,25.36,14.7,25.31,18.8,0.04,0.1,8.8,14.6,16.56,14.8,1,0.13236,-3.5,0.0030429,-0.756,0.0067753,0.0019608,0.0070431,43,0.0048482,0.00021271,0.0049124,14.168,0.0047121,0.00090972,0.0038152,0.0033884,223,0.0037339,0.020836,0.0095118,0.0075112,574.11,0.005705,0
2,16,66.18,56.8,60.48,77.4,5.7,14.8,53.09,109.4,13.09,19.3,1,0.15331,-0.8,0.0033606,-0.1571,0.0063546,0.0018727,0.0057141,39,0.0045187,0.00019842,0.0044989,13.075,0.004403,0,0.0036118,0.0030874,199.77,0.0034049,0.023954,0.0096161,0.0079869,588.52,0.0058101,1
3,8,8.94,11.2,8.39,26,0.54,1.1,8.39,22.4,0.54,1.3,1,0.13728,-0.4,0.0033337,-0.458,0.0070076,0.0019569,0.0066304,42,0.0047767,0.00020877,0.0047666,13.833,0.0046207,0,0.0038118,0.003336,212.56,0.0035736,0.071384,0.0099332,0.0098024,642.66,0.0062291,1
3,11,0.06,0,0.06,0,0,0,0.06,0,0,0,1,0.13379,3.8,0.0032299,-0.7523,0.0051551,0.0019493,0.0070965,43,0.00484,0.00021155,0.004838,14.063,0.0046886,0,0.0048939,0.0055677,326.29,0.0050773,0.032207,0.0098895,0.0097694,648.57,0.0062853,0
1,2,113.77,47.7,105.22,52.3,8.55,22.8,28.12,36.1,85.65,53.2,1,0.16115,-4.5,0.0037571,-0.7295,0.0013507,0.0017857,0.0045377,30,0.0036105,0.00019213,0.0043764,12.839,0.0043419,0.00012742,0.0043334,0.0037603,248.46,0.0040941,0.015333,0.0094014,0.0076012,567.5,0.005635,0
3,1,54.92,50.9,36.38,52.4,18.53,48.1,36.38,51,18.53,50.7,1,0.1925,1.8,0.0039164,-0.1989,0.001069,0.0017271,0.0032866,24,0.0030454,0.00018439,0.0040876,12.035,0.0041126,0,0.0042833,0.0041726,253.62,0.0041123,0.00073365,0.0093309,0.0079858,572.62,0.0056614,1
3,20,38.23,25.2,13.76,12,24.48,65.9,13.76,11.9,24.48,68,1,0.18414,4.2,0.0038721,-0.6082,0.0045156,0.0017637,0.0037314,28,0.0035036,0.0001876,0.0041249,12.187,0.0041597,0,0.004734,0.0052431,308.68,0.0048415,0.010491,0.0092641,0.0077965,544.09,0.0054132,1
2,5,31.33,23.3,30.77,31.8,0.56,1.5,31.33,32,0,0,2,0.17799,2.5,0.0038145,-0.7013,0.0025535,0.0017065,0.0033419,26,0.0033693,0.00018521,0.0041261,12.236,0.004176,0,0.0047333,0.0047748,286.57,0.0045538,0.0056124,0.008821,0.0060534,480.36,0.0049117,1
1,2,227.18,95.2,197.05,97.9,30.13,80.3,73.78,94.8,153.4,95.3,4,0.24146,-4.5,0.0041514,-0.6455,2.8619e-05,0.0015244,0.0018868,15,0.0021613,0.00016979,0.0037258,11.09,0.0038466,0.00012742,0.0043334,0.0037603,248.46,0.0040941,0.00033014,0.0085884,0.0049652,431.1,0.0045072,1
3,8,55.69,69.5,27.04,83.6,28.65,60,28.42,75.7,27.27,64.1,4,0.24896,-0.4,0.0042559,-0.5598,0.00021343,0.0015552,0.0021963,18,0.002483,0.00016891,0.0037282,11.068,0.0038379,0,0.0038118,0.003336,212.56,0.0035736,0.002421,0.0084196,0.0045574,421.1,0.0044378,0
3,20,13.03,8.6,12.92,11.3,0.11,0.3,12.92,11.2,0.11,0.3,8,0.17832,4.2,0.0038875,-0.633,0.0016053,0.0017513,0.0045476,32,0.003869,0.00018395,0.0041908,12.385,0.0042154,0,0.004734,0.0052431,308.68,0.0048415,0.010748,0.00855,0.0050564,461.1,0.0047904,1
1,2,129.09,54.1,128.32,63.8,0.76,2,25.51,32.8,103.58,64.3,8,0.17294,-4.5,0.0040867,-0.6735,0.0023789,0.0017331,0.0045172,34,0.0041127,0.00018236,0.004207,12.382,0.0042114,0.00012742,0.0043334,0.0037603,248.46,0.0040941,0.012252,0.0084441,0.0043397,427.52,0.0045182,0
3,10,34.55,19.7,9.14,6.6,25.42,68.4,9.14,6.6,25.42,70.6,5,0.14869,4.5,0.0034517,-0.7139,0.0043008,0.0017794,0.0055297,39,0.0045669,0.00019395,0.0045337,13.222,0.004447,0,0.004613,0.0051179,300.73,0.0047322,0.026228,0.0085376,0.0043452,429.81,0.0045437,0
3,8,0,0,0,0,0,0,0,0,0,0,5,0.14473,-0.4,0.0033238,-0.7519,0.005596,0.0018282,0.0063819,44,0.005043,0.0001939,0.0046242,13.477,0.0045188,0,0.0038118,0.003336,212.56,0.0035736,0.030116,0.0081906,0.0035209,383.89,0.0041692,0
1,12,61.76,30.8,61.76,37.8,0,0,53.36,45.8,8.39,10,5,0.1441,-3.9,0.0029078,-0.7556,0.0041666,0.0018248,0.0061396,40,0.0046308,0.00019624,0.0046671,13.55,0.004537,0.001947,0.0043296,0.0037354,248.31,0.0040957,0.013866,0.0080211,0.0030744,347.05,0.0038538,0
3,10,0,0,0,0,0,0,0,0,0,0,5,0.1388,4.5,0.0026632,-0.7364,0.0042612,0.0018182,0.0058765,40,0.004707,0.00019612,0.0046999,13.676,0.0045737,0,0.004613,0.0051179,300.73,0.0047322,0.01449,0.0077021,0.002716,335.74,0.0037856,0
3,11,48.8,27.3,48.8,34.6,0,0,48.8,34.3,0,0,5,0.15365,3.8,0.0029815,-0.7523,0.0017569,0.0017452,0.00486,34,0.0041425,0.00018712,0.0044359,12.969,0.0043729,0,0.0048939,0.0055677,326.29,0.0050773,0.051759,0.0075931,0.0025012,330.49,0.0037638,0
3,10,21.16,12.1,5.45,4,15.7,42.3,5.67,4.1,15.48,43,5,0.15482,4.5,0.0030449,-0.7366,0.0063707,0.0017513,0.0042973,35,0.0044654,0.0001874,0.0044448,13.044,0.0043965,0,0.004613,0.0051179,300.73,0.0047322,0.039067,0.0073406,0.0024282,338.77,0.0038644,1
2,7,103.33,57.9,102.87,73,0.46,1.2,29.76,57,73.57,58.3,5,0.18678,-3.5,0.0039402,-0.7569,0.0050635,0.0016026,0.0025275,26,0.0037378,0.00017347,0.0040384,11.951,0.0040862,0,0.0040011,0.0034851,222.76,0.0037167,0.019185,0.0067096,0.0021325,294.67,0.0034502,1
1,2,92.91,38.9,73.36,36.5,19.55,52.1,41.6,53.5,51.32,31.9,8,0.19794,-4.5,0.0042877,-0.7567,0.003844,0.0016181,0.0023861,25,0.00364,0.00016875,0.0039426,11.755,0.0040342,0.00012742,0.0043334,0.0037603,248.46,0.0040941,0.019295,0.0064754,0.0019952,274.22,0.003258,1
1,4,39.06,27.8,31.66,30.8,7.4,19.6,6.67,13.5,32.39,35.5,8,0.27241,-3.5,0.0059312,-0.6242,0.00028109,0.0014045,0.00098459,15,0.0025987,0.00015138,0.0035053,10.572,0.0036988,0,0.0036378,0.0031501,211.4,0.0035821,0.0066395,0.005513,0.0018241,233.98,0.002859,0
1,6,177.98,103.3,146.06,108.4,31.92,85.1,66.72,110.7,111.26,99.4,2,0.40163,-3.5,0.0072141,-0.7268,2.1235e-05,0.0012821,0.00047094,10,0.0020262,0.00014064,0.0031298,9.445,0.0033733,0.00090972,0.0038152,0.0033884,223,0.0037339,0,0.0043326,0.0017864,215.41,0.0026668,0
2,17,123.47,88.7,94.46,92.9,29.01,77.2,64.05,84.6,59.42,93.5,2,0.55708,-0.7,0.0088112,-0.1413,0,0.0012422,0.00036985,9,0.0019088,0.0001323,0.0029114,8.8044,0.0031887,0,0.0042735,0.0036625,234,0.0038719,0,0.0039353,0.0018407,213.61,0.0026385,0
2,17,97.02,69.7,73.27,72,23.74,63.2,74.41,98.3,22.61,35.6,2,0.43656,-0.7,0.0076756,-0.6961,6.8218e-05,0.0013175,0.00048464,10,0.0020231,0.0001395,0.0031017,9.3558,0.0033473,0,0.0042735,0.0036625,234,0.0038719,0,0.0041869,0.00185,218.22,0.0026878,1
3,1,49.84,46.2,38.13,54.9,11.71,30.4,38.52,54,11.32,30.9,8,0.26093,1.8,0.0056086,-0.1518,0.0027935,0.001506,0.0013166,18,0.0029334,0.00015445,0.0035488,10.686,0.0037313,0,0.0042833,0.0041726,253.62,0.0041123,0.0012472,0.0046775,0.0017688,223.07,0.0027531,1
1,6,88.99,51.7,88.99,66,0,0,30.7,50.9,58.29,52.1,8,0.23616,-3.5,0.0050492,1.229,0.0018971,0.0015385,0.0018068,20,0.0031062,0.00015992,0.0036911,11.025,0.0038246,0.00090972,0.0038152,0.0033884,223,0.0037339,0.0052456,0.005597,0.0018586,239.36,0.0029091,1
3,15,25.4,18.7,22.23,18.5,3.17,19.5,22.23,18.4,3.17,20.9,8,0.18042,-1.6,0.003808,-0.5273,0.0041533,0.001634,0.0027209,27,0.0038327,0.00017415,0.0041144,12.196,0.0041579,0,0.004223,0.0037716,236.03,0.0038883,0.025604,0.0068986,0.0021706,302.16,0.0035227,1
1,12,108.53,54,108.53,66.5,0,0,59.51,51.1,49.02,58.2,5,0.20807,-3.9,0.0041506,0.01097,0.0036253,0.0015723,0.0026554,27,0.00384,0.00016516,0.0038765,11.509,0.0039603,0.001947,0.0043296,0.0037354,248.31,0.0040957,0.010234,0.006976,0.0022761,320.4,0.003697,0
3,11,63.09,35.3,36.76,26,26.33,70.2,36.76,25.8,26.33,72.5,5,0.18277,3.8,0.0036433,-0.7112,0.0013286,0.0015898,0.0030549,28,0.0037336,0.00017026,0.0040097,11.855,0.004058,0,0.0048939,0.0055677,326.29,0.0050773,0.015517,0.0071145,0.0023786,332.01,0.0037981,0
3,10,94.63,54,69.29,50.2,25.35,68.2,71.49,51.4,23.15,64.3,5,0.23567,4.5,0.0041585,-0.007773,0.00050669,0.0015361,0.0021482,21,0.0029777,0.00016243,0.0037582,11.124,0.003848,0,0.004613,0.0051179,300.73,0.0047322,0.026155,0.0072892,0.0024475,343.68,0.0039109,0
2,19,103.89,48.8,103.89,58.6,0,0,83.01,60.8,20.88,27.4,5,0.24,-1.3,0.0039904,-0.7059,0.00049893,0.0015625,0.0027476,23,0.0030821,0.00016559,0.0038323,11.309,0.0038997,0,0.0054184,0.004874,304.86,0.0048356,0.013316,0.0072955,0.002382,315.9,0.0036252,0
1,6,67.37,39.1,52.76,39.2,14.61,38.9,10.99,18.2,56.38,50.4,5,0.2,-3.5,0.0035899,0.07467,0.001581,0.001626,0.0033674,28,0.0035681,0.00017407,0.0040908,12.036,0.0041079,0.00090972,0.0038152,0.0033884,223,0.0037339,0.015553,0.0074866,0.0024843,314.34,0.0035899,0
1,12,128.94,64.2,125.35,76.8,3.58,9.6,91.08,78.1,37.86,44.9,5,0.21456,-3.9,0.00396,-0.7556,0.0011792,0.0015898,0.003249,26,0.0033195,0.00017064,0.0039569,11.645,0.0039961,0.001947,0.0043296,0.0037354,248.31,0.0040957,0.015553,0.0076422,0.0026444,321.31,0.0036356,0
3,11,32.66,18.3,7.42,5.3,25.24,67.3,10.99,7.7,21.67,59.7,8,0.17669,3.8,0.003686,-0.5849,0.0023001,0.0017036,0.0048871,37,0.0044062,0.00017728,0.0041855,12.335,0.0041962,0,0.0048939,0.0055677,326.29,0.0050773,0.022523,0.0078784,0.0030672,366.67,0.0040422,0
3,15,21.63,15.9,17.2,14.3,4.44,27.3,17.2,14.2,4.44,29.2,8,0.19699,-1.6,0.0042133,-0.7533,0.00095032,0.0016287,0.0036275,29,0.003611,0.00016937,0.0039434,11.693,0.0040154,0,0.004223,0.0037716,236.03,0.0038883,0.020322,0.0076942,0.0032263,384.87,0.0042042,0
3,1,116.79,108.2,77.09,111.1,39.71,103,77.91,109.2,38.88,106.3,4,0.29353,1.8,0.00496,1.224,0.00037429,0.0015408,0.0023517,21,0.0028111,0.00015405,0.0034954,10.415,0.0036488,0,0.0042833,0.0041726,253.62,0.0041123,0.005319,0.0076888,0.0029699,364.14,0.0040193,0
1,4,51.67,36.8,51.63,50.3,0.03,0.1,28.24,57.4,23.42,25.7,4,0.24705,-3.5,0.0048719,-0.7569,0.00032508,0.0015552,0.0028555,24,0.0031045,0.00015803,0.0036371,10.859,0.0037786,0,0.0036378,0.0031501,211.4,0.0035821,0.0063094,0.0077699,0.0034075,415.53,0.0044848,0
3,10,6.74,3.8,6.55,4.7,0.19,0.5,6.55,4.7,0.19,0.5,3,0.16353,4.5,0.0037817,-0.6027,0.0023376,0.0017007,0.0045726,36,0.0043286,0.00017568,0.0041751,12.397,0.0042195,0,0.004613,0.0051179,300.73,0.0047322,0.024907,0.0078538,0.0036675,439.94,0.0047028,0
1,2,127.5,53.4,124.84,62,2.66,7.1,38.89,50,88.61,55,3,0.17751,-4.5,0.0041541,0.6015,0.0013613,0.0016639,0.0038775,31,0.0038218,0.00016804,0.0039792,11.842,0.0040602,0.00012742,0.0043334,0.0037603,248.46,0.0040941,0.029163,0.0080166,0.0034084,411.46,0.0044454,0
1,6,93.15,54.1,81.88,60.8,11.26,30,26.43,43.8,66.71,59.6,3,0.22393,-3.5,0.0046734,1.234,0.00085398,0.0016181,0.0032162,27,0.0034305,0.00016407,0.0037822,11.27,0.0038968,0.00090972,0.0038152,0.0033884,223,0.0037339,0.011335,0.0080104,0.0032833,379.28,0.0041367,0
1,2,17.4,7.3,17.4,8.6,0,0,1.78,2.3,15.62,9.7,2,0.16601,-4.5,0.0039199,-0.7567,0.0024189,0.0016863,0.0044338,35,0.00428,0.00018088,0.0042676,12.647,0.004292,0.00012742,0.0043334,0.0037603,248.46,0.0040941,0.02278,0.0084096,0.0038372,399.16,0.0042857,0
2,18,32.32,13,32.32,15.3,0,0,22.73,12,9.6,16.1,5,0.14,-0.9,0.0035022,0.1575,0.014355,0.0018797,0.0063445,46,0.005435,0.00019704,0.0046323,13.594,0.0045596,0.16536,0.0062226,0.0060571,369.96,0.0057091,0.029639,0.0089322,0.0047805,444.73,0.0046576,0
3,20,0,0,0,0,0,0,0,0,0,0,5,0.12318,4.2,0.0029511,-0.6171,0.011262,0.0019685,0.0082684,54,0.0060281,0.00021272,0.0050473,14.625,0.0048474,0,0.004734,0.0052431,308.68,0.0048415,0.025054,0.0092168,0.0054524,478.29,0.0049325,0
3,13,0.11,0.1,0.11,0.1,0,0,0.11,0.1,0,0,5,0.11381,1.9,0.0026961,-0.4572,0.020724,0.0021053,0.010286,63,0.0068179,0.00022869,0.0053421,15.32,0.0050407,0,0.0048607,0.0050716,300.58,0.004737,0.043029,0.0097357,0.0074834,550.09,0.0054953,0
3,11,0,0,0,0,0,0,0,0,0,0,5,0.1084,3.8,0.0022102,-0.7112,0.02601,0.0021692,0.011336,66,0.0070292,0.00023558,0.0055167,15.714,0.0051479,0,0.0048939,0.0055677,326.29,0.0050773,0.0087304,0.0095588,0.0064943,499.28,0.0050695,0
3,11,0,0,0,0,0,0,0,0,0,0,5,0.10673,3.8,0.0021045,-0.6713,0.013547,0.0021413,0.010533,57,0.0060839,0.00024126,0.0056197,15.942,0.0052101,0,0.0048939,0.0055677,326.29,0.0050773,0.029749,0.0096074,0.0067916,514.02,0.0051953,0
1,4,13.45,9.6,13.45,13.1,0,0,0.22,0.4,13.23,14.5,8,0.10797,-3.5,0.0017835,-0.7569,0.019006,0.0021552,0.010516,58,0.0062199,0.00024202,0.0056046,15.895,0.0051956,0,0.0036378,0.0031501,211.4,0.0035821,0.0064194,0.0089262,0.0047655,416.28,0.004395,1
3,15,0.16,0.1,0.16,0.1,0,0,0.16,0.1,0,0,2,0.10994,-1.6,0.0017391,-0.7533,0.023658,0.0021692,0.0098305,59,0.0064084,0.00024115,0.0055374,15.748,0.0051555,0,0.004223,0.0037716,236.03,0.0038883,0.011335,0.0089085,0.0046403,402.16,0.0042697,1
3,13,40.41,20.8,32.87,21,7.54,20.1,33.46,21.2,6.95,19.1,5,0.1136,1.9,0.0015707,-0.7342,0.023755,0.0021459,0.0093777,59,0.0064734,0.00023454,0.0054147,15.453,0.0050724,0,0.0048607,0.0050716,300.58,0.004737,0.0097208,0.0076884,0.0028023,308.09,0.003498,1
2,5,3.42,2.5,3.42,3.5,0,0,3.42,3.5,0,0,5,0.11435,2.5,0.0017883,-0.4466,0.015474,0.0020921,0.0085804,53,0.0058594,0.00023052,0.0053779,15.37,0.0050491,0,0.0047333,0.0047748,286.57,0.0045538,0.010271,0.0077456,0.002768,331.49,0.0037362,1
3,1,20.42,18.9,15.69,22.6,4.73,12.3,15.69,22,4.73,12.9,2,0.1248,1.8,0.0024476,-0.7582,0.0093369,0.0019646,0.0058847,42,0.0049387,0.00021172,0.0050079,14.448,0.0047899,0,0.0042833,0.0041726,253.62,0.0041123,0.03217,0.007783,0.0024444,332.62,0.0037897,1
2,17,36.46,26.2,31.78,31.3,4.67,12.4,28.53,37.7,7.93,12.5,2,0.14354,-0.7,0.002896,-0.738,0.013219,0.0018349,0.0050075,40,0.0048712,0.00019936,0.004679,13.556,0.0045361,0,0.0042735,0.0036625,234,0.0038719,0.029383,0.0078299,0.0023552,319.86,0.003668,1
3,1,5.28,4.9,2.92,4.2,2.35,6.1,2.92,4.1,2.35,6.4,8,0.12628,1.8,0.0023992,-0.7103,0.012109,0.0019724,0.0068672,45,0.005198,0.00021253,0.0050135,14.445,0.004788,0,0.0042833,0.0041726,253.62,0.0041123,0.049485,0.0081754,0.00256,332.12,0.0037666,1
3,8,5.55,6.9,3.76,11.6,1.8,3.8,3.76,10,1.8,4.2,1,0.14957,-0.4,0.0027674,-0.7519,0.01147,0.0018116,0.00488,39,0.0048313,0.00019776,0.0046422,13.476,0.0045142,0,0.0038118,0.003336,212.56,0.0035736,0.032647,0.0075282,0.0022666,304.34,0.0035238,1
2,16,34.45,29.6,33.77,43.2,0.68,1.8,12.77,26.3,21.69,31.9,1,0.13007,-0.8,0.002254,-0.7005,0.014049,0.0019646,0.0069524,47,0.0055057,0.00020829,0.0049062,14.196,0.0047195,0,0.0036118,0.0030874,199.77,0.0034049,0.011445,0.0071865,0.0023367,311.47,0.0035907,1
3,20,2.32,1.5,1.73,1.5,0.59,1.6,1.73,1.5,0.59,1.6,1,0.11795,4.2,0.0018761,-0.574,0.015578,0.0020243,0.008953,56,0.0062349,0.00022191,0.0052082,14.961,0.0049346,0,0.004734,0.0052431,308.68,0.0048415,0.00040351,0.0072934,0.0027356,329.89,0.0037259,1
2,5,6.76,5,5.1,5.3,1.66,4.4,6.67,6.8,0.09,0.3,1,0.12858,2.5,0.0023882,0.4231,0.011701,0.0019417,0.0068759,48,0.0055306,0.00020532,0.0048605,14.053,0.0046776,0,0.0047333,0.0047748,286.57,0.0045538,0.020579,0.0077723,0.0026442,333.4,0.0037683,1
1,12,39.56,19.7,38.85,23.8,0.71,1.9,24.14,20.7,15.42,18.3,1,0.14153,-3.9,0.0026157,-0.3241,0.0069466,0.0018182,0.0048011,39,0.0048158,0.00019332,0.0046067,13.402,0.0044944,0.001947,0.0043296,0.0037354,248.31,0.0040957,0.015076,0.0073237,0.0023938,315.51,0.0036204,1
3,1,0,0,0,0,0,0,0,0,0,0,1,0.12399,1.8,0.0021685,-0.713,0.011966,0.0019342,0.0072515,51,0.0058726,0.00020566,0.0049158,14.24,0.0047329,0,0.0042833,0.0041726,253.62,0.0041123,0.0063461,0.0068923,0.0025705,319.21,0.0036334,0
3,10,0,0,0,0,0,0,0,0,0,0,1,0.12858,4.5,0.0022772,-0.1875,0.014874,0.0019608,0.0082169,56,0.006257,0.00020487,0.004875,14.138,0.0047046,0,0.004613,0.0051179,300.73,0.0047322,0.0060526,0.0072727,0.0029096,344.47,0.0038461,0
1,6,85.41,49.6,83.9,62.3,1.51,4,31.18,51.7,54.23,48.4,1,0.15648,-3.5,0.0028466,0.4233,0.0031209,0.0017513,0.0043683,34,0.0041341,0.00018464,0.0043743,12.783,0.0043189,0.00090972,0.0038152,0.0033884,223,0.0037339,0.0054657,0.007088,0.0025774,326.47,0.0037007,1
3,20,3.81,2.5,3.81,3.3,0,0,3.81,3.3,0,0,1,0.16465,4.2,0.0029423,-0.6669,0.0030066,0.0017182,0.0047056,37,0.0044719,0.00017898,0.0042546,12.492,0.004238,0,0.004734,0.0052431,308.68,0.0048415,0.0050255,0.0068502,0.0024856,316.49,0.0036081,0
3,11,0,0,0,0,0,0,0,0,0,0,1,0.14176,3.8,0.0027592,-0.67,0.0066365,0.0018349,0.0068476,49,0.0055908,0.00018967,0.0045517,13.345,0.0044833,0,0.0048939,0.0055677,326.29,0.0050773,0.00036682,0.0070676,0.0029326,358.63,0.0039793,0
3,11,53.54,30,42.18,29.9,11.36,30.3,43.87,30.8,9.67,26.6,1,0.15809,3.8,0.0032593,1.162,0.0014328,0.0016863,0.003892,30,0.0036799,0.0001783,0.0042483,12.512,0.0042461,0,0.0048939,0.0055677,326.29,0.0050773,0.013903,0.0075174,0.0029606,367.66,0.0040649,0
1,2,163.96,68.7,139.83,69.5,24.13,64.3,77.85,100.1,86.11,53.5,1,0.22745,-4.5,0.0039111,0.6456,0.00031482,0.0015038,0.0020743,18,0.0024933,0.00016261,0.0037863,11.199,0.0038697,0.00012742,0.0043334,0.0037603,248.46,0.0040941,0.00785,0.0072906,0.00268,345.26,0.00387,0
3,11,74.49,41.7,58.75,41.6,15.74,42,61.53,43.2,12.96,35.7,4,0.20512,3.8,0.0038801,0.2704,0.00063343,0.0015601,0.0027913,25,0.00323,0.00016287,0.0038102,11.305,0.0039023,0,0.0048939,0.0055677,326.29,0.0050773,0.0022376,0.0075361,0.0027891,354.44,0.0039468,0
3,8,26.62,33.2,22.72,70.3,3.9,8.2,22.87,60.9,3.75,8.8,4,0.20976,-0.4,0.0041903,-0.5375,0.00037996,0.0015601,0.0028238,24,0.0031048,0.00016241,0.0038045,11.298,0.0039012,0,0.0038118,0.003336,212.56,0.0035736,0.017167,0.0078921,0.0030737,385.74,0.0042284,0
3,20,1.67,1.1,0,0,1.67,4.5,0,0,1.67,4.7,8,0.15288,4.2,0.0035182,-0.7357,0.001966,0.0017212,0.0048144,36,0.0042836,0.00017955,0.0042887,12.675,0.0042961,0,0.004734,0.0052431,308.68,0.0048415,0.025384,0.0081176,0.0034374,408.39,0.0044161,0
1,12,100.5,50,100.46,61.5,0.03,0.1,51.96,44.6,48.54,57.6,8,0.1751,-3.9,0.0036445,0.7346,0.0011475,0.0016949,0.0038514,29,0.0035658,0.00017723,0.004121,12.142,0.0041411,0.001947,0.0043296,0.0037354,248.31,0.0040957,0.028722,0.0083356,0.0034589,392.14,0.00425,0
1,6,31.42,18.2,28.28,21,3.14,8.4,8.37,13.9,23.05,20.6,3,0.15388,-3.5,0.00319,-0.2711,0.0033101,0.0017921,0.0052615,37,0.004331,0.00018843,0.0043924,12.856,0.0043428,0.00090972,0.0038152,0.0033884,223,0.0037339,0.041561,0.0087393,0.0036312,393.43,0.0042467,0
1,6,66.3,38.5,66.08,49,0.22,0.6,30.37,50.4,35.93,32.1,3,0.15873,-3.5,0.0034416,0.6776,0.0036285,0.0018182,0.0047694,33,0.0039437,0.00018925,0.0043452,12.713,0.0043023,0.00090972,0.0038152,0.0033884,223,0.0037339,0.021936,0.0091718,0.0041835,418.07,0.0044402,0
1,2,81.04,33.9,81.04,40.3,0,0,5.66,7.3,75.38,46.8,3,0.14369,-4.5,0.0034049,-0.2498,0.0036267,0.001845,0.0057936,39,0.0045654,0.00019679,0.0045775,13.382,0.0044954,0.00012742,0.0043334,0.0037603,248.46,0.0040941,0.018781,0.0092173,0.0045936,438.22,0.0046056,0
3,10,0.14,0.1,0,0,0.14,0.4,0,0,0.14,0.4,5,0.12312,4.5,0.0027834,-0.7367,0.012763,0.002,0.0081495,52,0.0058103,0.00021515,0.0050597,14.623,0.0048445,0,0.004613,0.0051179,300.73,0.0047322,0.031657,0.0095849,0.0053932,475.84,0.0049122,0
3,10,0.01,0,0.01,0,0,0,0.01,0,0,0,5,0.11614,4.5,0.0027446,0.1695,0.010695,0.0020325,0.0085954,51,0.0056323,0.00022908,0.0053023,15.202,0.0050065,0,0.004613,0.0051179,300.73,0.0047322,0.050035,0.010162,0.0080226,570.72,0.0056567,0
3,14,0.17,0.1,0.17,0.1,0,0,0.17,0.1,0,0,5,0.10892,2.8,0.0023393,-0.7517,0.018709,0.002193,0.010745,59,0.0062956,0.00024145,0.0055633,15.819,0.0051767,0,0.0050141,0.0054846,324.13,0.0050553,0.011592,0.0103,0.0085449,585.81,0.0057688,1
3,20,0,0,0,0,0,0,0,0,0,0,5,0.10745,4.2,0.002409,-0.2667,0.022072,0.0022472,0.011246,61,0.0064685,0.00024766,0.0056474,16.02,0.0052334,0,0.004734,0.0052431,308.68,0.0048415,0.039067,0.010487,0.011961,693.67,0.0066189,0
2,3,0,0,0,0,0,0,0,0,0,0,8,0.10647,-3.5,0.0019545,-0.7367,0.020296,0.0022676,0.011068,60,0.0063545,0.00024916,0.0057014,16.15,0.0052688,0,0.0036443,0.0030647,202.24,0.0034484,0.011885,0.010065,0.0090584,584.1,0.0057363,0
3,10,2.17,1.2,2.17,1.6,0,0,2.17,1.6,0,0,2,0.10909,4.5,0.0019118,-0.428,0.019854,0.0021505,0.0095843,60,0.0065255,0.00024156,0.0055251,15.749,0.0051581,0,0.004613,0.0051179,300.73,0.0047322,0.011408,0.0097146,0.0074874,512.5,0.0051502,0
3,11,1.22,0.7,1.22,0.9,0,0,1.22,0.9,0,0,5,0.1114,3.8,0.0016778,-0.2342,0.016241,0.0020661,0.0084558,56,0.0062115,0.00023274,0.0054024,15.467,0.0050791,0,0.0048939,0.0055677,326.29,0.0050773,0.0068963,0.0082021,0.0036955,348.33,0.0038148,0
3,1,0,0,0,0,0,0,0,0,0,0,5,0.11196,1.8,0.0018619,-0.4186,0.013655,0.002045,0.0079328,52,0.0058121,0.00022807,0.0053667,15.378,0.0050533,0,0.0042833,0.0041726,253.62,0.0041123,0.0064928,0.0079409,0.0031493,354.29,0.0039209,0
3,1,0,0,0,0,0,0,0,0,0,0,8,0.11956,1.8,0.0023932,-0.2735,0.0057123,0.0019417,0.0059777,43,0.0049802,0.00020967,0.0050121,14.491,0.0048039,0,0.0042833,0.0041726,253.62,0.0041123,0.03217,0.0080248,0.0028573,372.07,0.0041335,0
3,15,19.82,14.6,19.82,16.5,0,0,19.82,16.4,0,0,1,0.13841,-1.6,0.0029414,-0.6764,0.0088702,0.0018975,0.0056093,46,0.0053885,0.00019836,0.0046693,13.575,0.0045441,0,0.004223,0.0037716,236.03,0.0038883,0.019405,0.0080698,0.0030046,379.09,0.0041821,0
2,7,91.45,51.2,84.91,60.2,6.54,17.4,32.47,62.2,58.98,46.7,1,0.15321,-3.5,0.0032326,-0.2861,0.0031993,0.0017483,0.0042851,35,0.0042255,0.00019043,0.004456,12.951,0.0043641,0,0.0040011,0.0034851,222.76,0.0037167,0.031437,0.0082484,0.0028604,375.31,0.004162,0
3,8,0,0,0,0,0,0,0,0,0,0,1,0.12151,-0.4,0.0026132,-0.7519,0.0075116,0.0019685,0.0066076,44,0.0050217,0.00020847,0.0049676,14.334,0.0047569,0,0.0038118,0.003336,212.56,0.0035736,0.064414,0.0085182,0.0030141,388.51,0.0042786,0
3,10,0,0,0,0,0,0,0,0,0,0,1,0.12406,4.5,0.002639,-0.02449,0.013542,0.002,0.0077734,54,0.0060259,0.00021261,0.0049796,14.381,0.0047715,0,0.004613,0.0051179,300.73,0.0047322,0.039324,0.008757,0.0037016,430.93,0.0046187,0
1,6,71.9,41.7,70.92,52.6,0.98,2.6,15.29,25.4,56.61,50.6,1,0.1508,-3.5,0.0032403,3.384,0.0040713,0.0018051,0.0046504,36,0.0042739,0.00019224,0.0044778,13.019,0.0043838,0.00090972,0.0038152,0.0033884,223,0.0037339,0.0089505,0.0087338,0.0035536,429.57,0.0046184,0
1,2,94.64,39.6,94.2,46.8,0.44,1.2,34.45,44.3,60.19,37.4,1,0.14819,-4.5,0.0031618,0.7762,0.0017914,0.0017889,0.0042602,30,0.0036207,0.00019173,0.0044806,13.013,0.0043812,0.00012742,0.0043334,0.0037603,248.46,0.0040941,0.064818,0.0087135,0.0030396,378.18,0.0041624,1
3,20,0,0,0,0,0,0,0,0,0,0,1,0.13045,4.2,0.0026476,0.3227,0.0063636,0.0019569,0.0069029,44,0.0049549,0.00020596,0.0048327,13.992,0.0046609,0,0.004734,0.0052431,308.68,0.0048415,0.053373,0.0089144,0.0037284,443.95,0.0047425,0
3,14,19.86,10,9.23,5.6,10.63,30.1,10.84,6.6,9.03,26.4,1,0.14118,2.8,0.0030995,0.6544,0.003976,0.0018553,0.0052779,37,0.0043062,0.00019567,0.0045617,13.277,0.0044591,0,0.0050141,0.0054846,324.13,0.0050553,0.072705,0.0091537,0.0039098,440.42,0.0046848,0
1,12,164.45,81.9,141.62,86.7,22.83,60.9,97.42,83.6,67.03,79.6,1,0.19384,-3.9,0.0035702,3.384,0.0012089,0.0017361,0.0034514,26,0.0032353,0.00017772,0.0040613,11.867,0.0040552,0.001947,0.0043296,0.0037354,248.31,0.0040957,0.0092807,0.0089241,0.0036597,441.05,0.004717,0
1,6,75.86,44,56.58,42,19.28,51.4,16.84,27.9,59.03,52.7,1,0.18101,-3.5,0.003347,1.227,0.0013463,0.0017212,0.00366,27,0.0033346,0.00018017,0.0041273,12.055,0.0041091,0.00090972,0.0038152,0.0033884,223,0.0037339,0.024797,0.0087655,0.0031381,376.71,0.0041313,1
2,19,24.85,11.7,24.85,14,0,0,13.51,9.9,11.34,14.9,8,0.15281,-1.3,0.0029817,1.109,0.0030537,0.0017794,0.0050508,35,0.0041004,0.00019024,0.0044063,12.851,0.0043378,0,0.0054184,0.004874,304.86,0.0048356,0.03129,0.0090365,0.0035496,401.03,0.0043302,1
3,15,75.07,55.1,69.06,57.6,6,37,69.58,57.5,5.49,36.1,4,0.16686,-1.6,0.0034863,-0.6393,0.0012357,0.0017065,0.0037802,27,0.003312,0.00018545,0.004241,12.387,0.0042057,0,0.004223,0.0037716,236.03,0.0038883,0.10447,0.0094187,0.0039359,424.65,0.0045253,0
1,12,110.17,54.9,106.87,65.4,3.29,8.8,78.36,67.2,31.81,37.8,4,0.17066,-3.9,0.0034605,1.195,0.0018245,0.0017637,0.0041035,29,0.0035077,0.00018834,0.0042917,12.531,0.0042479,0.001947,0.0043296,0.0037354,248.31,0.0040957,0.12296,0.009805,0.0044475,445.14,0.0046788,0
3,20,0,0,0,0,0,0,0,0,0,0,8,0.13375,4.2,0.0028326,0.347,0.0059176,0.0019531,0.0066135,42,0.0047557,0.00020892,0.0048514,14.053,0.0046812,0,0.004734,0.0052431,308.68,0.0048415,0.094604,0.0098952,0.005118,479.27,0.0049606,0
1,2,66.12,27.7,66.1,32.8,0.02,0.1,11.09,14.3,55.03,34.2,5,0.12856,-4.5,0.0028978,0.001142,0.010369,0.0019881,0.007035,44,0.004976,0.00021904,0.005025,14.479,0.0048014,0.00012742,0.0043334,0.0037603,248.46,0.0040941,0.10029,0.010226,0.0069487,538.72,0.0054068,0
3,13,0,0,0,0,0,0,0,0,0,0,5,0.11644,1.9,0.0025627,-0.3728,0.020516,0.0021739,0.0099162,58,0.0062561,0.00023329,0.0053513,15.303,0.0050328,0,0.0048607,0.0050716,300.58,0.004737,0.064855,0.010329,0.0084871,609.7,0.0059868,0
3,20,0,0,0,0,0,0,0,0,0,0,5,0.11386,4.2,0.0026665,-0.2959,0.012172,0.0020964,0.0083732,48,0.0052883,0.0002364,0.0053858,15.394,0.0050593,0,0.004734,0.0052431,308.68,0.0048415,0.14108,0.01047,0.010965,694.5,0.0066562,0
2,17,0.48,0.3,0.48,0.5,0,0,0.48,0.6,0,0,5,0.11146,-0.7,0.0023416,-0.533,0.019027,0.0021505,0.0088513,53,0.0058075,0.00023895,0.0054764,15.635,0.0051269,0,0.0042735,0.0036625,234,0.0038719,0.013976,0.010158,0.0095998,635.41,0.0061774,0
3,1,0.02,0,0,0,0.02,0.1,0,0,0.02,0.1,2,0.11829,1.8,0.0024028,-0.369,0.017019,0.0020408,0.0076545,53,0.005977,0.00022944,0.0052372,15.078,0.0049729,0,0.0042833,0.0041726,253.62,0.0041123,0.019809,0.0099448,0.008075,552.21,0.0054885,1
3,1,12.62,11.7,12.62,18.2,0,0,12.62,17.7,0,0,5,0.123,1.8,0.002193,-0.09419,0.019702,0.001992,0.0073474,58,0.0066259,0.00022122,0.0051076,14.776,0.0048883,0,0.0042833,0.0041726,253.62,0.0041123,0.016947,0.0087772,0.0044297,391.07,0.0041722,1
3,20,8.44,5.6,1.84,1.6,6.59,17.7,1.84,1.6,6.59,18.3,5,0.1238,4.2,0.0021655,-0.2077,0.019474,0.0019763,0.0068336,55,0.0063477,0.00021434,0.0050208,14.56,0.0048269,0,0.004734,0.0052431,308.68,0.0048415,0.017608,0.0080776,0.0032823,357.55,0.0039351,1
1,4,7.79,5.5,7.54,7.3,0.25,0.7,3.39,6.9,4.4,4.8,8,0.13399,-3.5,0.0022571,-0.7304,0.0096463,0.0019231,0.0051427,44,0.0052599,0.00020081,0.0047524,13.883,0.0046359,0,0.0036378,0.0031501,211.4,0.0035821,0.012215,0.0073891,0.002509,322.14,0.0036689,1
3,10,66.33,37.9,57.1,41.4,9.24,24.9,57.1,41,9.24,25.7,2,0.1645,4.5,0.0030363,1.218,0.0032598,0.001692,0.0035527,34,0.0042664,0.00018258,0.0042916,12.631,0.0042794,0,0.004613,0.0051179,300.73,0.0047322,0.025788,0.0072984,0.0023753,320.26,0.0036676,1
2,5,56.8,42.3,56.8,58.7,0,0,56.8,58,0,0,5,0.16457,2.5,0.0033905,0.5854,0.0040388,0.0017271,0.0038005,34,0.0042699,0.00018046,0.0042475,12.475,0.0042328,0,0.0047333,0.0047748,286.57,0.0045538,0.049118,0.0074421,0.0023736,332.12,0.0037924,0
3,11,27.64,15.5,7.84,5.6,19.8,52.8,8.14,5.7,19.5,53.7,5,0.16605,3.8,0.0035777,-0.7124,0.00093421,0.0016978,0.0033863,28,0.0035807,0.00017981,0.0042462,12.489,0.0042377,0,0.0048939,0.0055677,326.29,0.0050773,0.036609,0.0073335,0.0024348,356.64,0.0040434,0
2,3,67.93,47.2,61.74,58.1,6.18,16.4,31.53,68.2,36.4,37.2,8,0.24511,-3.5,0.0044718,-0.2665,0.00027966,0.0015361,0.0019743,20,0.0027993,0.00016418,0.0037794,11.2,0.0038703,0,0.0036443,0.0030647,202.24,0.0034484,0.013573,0.0070449,0.0023539,345.76,0.0039448,0
2,16,109.33,93.8,89.29,114.3,20.04,52.2,59.62,122.8,49.72,73.2,4,0.34568,-0.8,0.0058083,0.3591,0,0.0014205,0.00086193,10,0.0017422,0.00015348,0.0034292,10.19,0.0035801,0,0.0036118,0.0030874,199.77,0.0034049,3.6682e-05,0.0059275,0.0020876,269.53,0.0031884,0
1,2,172.34,72.2,165.57,82.3,6.78,18.1,50.97,65.5,121.38,75.4,4,0.26221,-4.5,0.0051392,0.4413,0.00077737,0.001506,0.0011808,14,0.0022138,0.0001625,0.0036674,10.883,0.0037795,0.00012742,0.0043334,0.0037603,248.46,0.0040941,0.0050255,0.006429,0.0021091,287.61,0.0033752,1
2,19,134.32,63.1,128.98,72.7,5.33,15.1,87.41,64,46.91,61.5,2,0.18832,-1.3,0.0038329,-0.0374,0.0046085,0.0017007,0.0032092,29,0.0037643,0.00017976,0.0041597,12.255,0.0041715,0,0.0054184,0.004874,304.86,0.0048356,0.017534,0.007092,0.0022666,330.53,0.0037991,1
2,19,90.55,42.6,90.55,51,0,0,64.9,47.5,25.64,33.6,8,0.15621,-1.3,0.0033465,-0.1872,0.0016722,0.0017153,0.003597,30,0.0037928,0.00018717,0.00438,12.858,0.0043428,0,0.0054184,0.004874,304.86,0.0048356,0.014746,0.0069264,0.0022815,334.05,0.0038328,1
3,10,9.41,5.4,1.47,1.1,7.94,21.4,1.47,1.1,7.94,22.1,5,0.13101,4.5,0.0026477,-0.6674,0.002195,0.0018018,0.0042329,33,0.0040727,0.00019675,0.0046995,13.73,0.0045911,0,0.004613,0.0051179,300.73,0.0047322,0.012912,0.007048,0.002433,358.05,0.0040603,0
3,20,60.44,39.9,60.44,52.9,0,0,60.44,52.3,0,0,5,0.15063,4.2,0.0029996,0.4228,0.004093,0.0017094,0.0035077,33,0.004195,0.00018266,0.0043469,12.788,0.0043241,0,0.004734,0.0052431,308.68,0.0048415,0.017094,0.0069422,0.0022912,332.27,0.0038113,0
3,15,77.16,56.7,51.69,43.1,25.46,156.9,51.71,42.8,25.45,167.5,2,0.16809,-1.6,0.0029337,-0.7533,0.0039684,0.0016978,0.0032272,32,0.0040762,0.00017989,0.0042046,12.4,0.0042138,0,0.004223,0.0037716,236.03,0.0038883,3.6682e-05,0.0066535,0.002108,292.73,0.0034221,1
3,8,2.05,2.6,0.36,1.1,1.68,3.5,0.41,1.1,1.64,3.9,8,0.13803,-0.4,0.0024384,-0.7519,0.0045805,0.0017953,0.0041932,36,0.0044252,0.00019669,0.004651,13.62,0.0045612,0,0.0038118,0.003336,212.56,0.0035736,0.022596,0.0067211,0.0021927,304.72,0.0035378,1
3,10,9.57,5.5,4.02,2.9,5.55,14.9,7.61,5.5,1.96,5.5,8,0.14027,4.5,0.0024954,-0.4785,0.0087388,0.0018182,0.0048533,43,0.0051673,0.0001971,0.0046138,13.531,0.0045367,0,0.004613,0.0051179,300.73,0.0047322,0.025017,0.006797,0.0022399,300.58,0.0034871,1
3,8,39.43,49.2,31.4,97.1,8.04,16.8,31.4,83.6,8.04,18.9,2,0.15692,-0.4,0.003025,-0.7519,0.0082587,0.0017857,0.0038424,38,0.0047724,0.00018758,0.0043494,12.778,0.0043207,0,0.0038118,0.003336,212.56,0.0035736,0.010748,0.0067493,0.0021745,301.16,0.0035046,1
1,4,40.86,29.1,36.5,35.5,4.36,11.6,7.36,15,33.5,36.7,8,0.15234,-3.5,0.0029779,-0.7569,0.0073683,0.0017986,0.0042056,37,0.0045889,0.00019333,0.0044642,13.071,0.0044029,0,0.0036378,0.0031501,211.4,0.0035821,0.026815,0.0069075,0.0022265,306.78,0.0035562,1
3,14,1.09,0.5,1.09,0.7,0,0,1.09,0.7,0,0,1,0.13312,2.8,0.0024056,-0.7086,0.0119,0.001912,0.0055392,44,0.005226,0.0002076,0.0048265,14.053,0.0046825,0,0.0050141,0.0054846,324.13,0.0050553,0.021129,0.0071925,0.0025963,339.76,0.0038491,1
3,8,3.91,4.9,2.94,9.1,0.97,2,2.94,7.8,0.97,2.3,1,0.1469,-0.4,0.0028654,-0.7519,0.0052207,0.0018484,0.0045044,33,0.0040476,0.00020029,0.00466,13.578,0.0045464,0,0.0038118,0.003336,212.56,0.0035736,0.027732,0.0073902,0.0025879,333.73,0.0037869,1
1,4,31.97,22.8,31.85,31,0.12,0.3,1.34,2.7,30.63,33.6,1,0.17181,-3.5,0.0035097,-0.5431,0.0020464,0.001675,0.0026568,25,0.0033321,0.00018087,0.0042101,12.418,0.0042193,0,0.0036378,0.0031501,211.4,0.0035821,0.011225,0.007073,0.0024987,342.67,0.003894,1
1,2,34.25,14.3,31.09,15.4,3.17,8.4,25.47,32.7,8.78,5.5,1,0.15374,-4.5,0.00332,-0.7014,0.0045148,0.0017153,0.0031831,35,0.0044927,0.00018305,0.0043054,12.721,0.0043077,0.00012742,0.0043334,0.0037603,248.46,0.0040941,0.0032647,0.0071023,0.0025649,340,0.0038536,1
2,19,32.05,15.1,23.57,13.3,8.47,24,14.16,10.4,17.88,23.4,1,0.14725,-1.3,0.00308,-0.2215,0.0068517,0.0018149,0.0041566,39,0.0048169,0.00019132,0.004468,13.136,0.0044246,0,0.0054184,0.004874,304.86,0.0048356,0.029933,0.007523,0.0028297,336.8,0.0037862,0
3,14,93.32,46.8,65.07,39.7,28.24,79.8,67.64,40.9,25.68,75,1,0.18858,2.8,0.0037895,-0.3389,0.0027123,0.001642,0.0024467,25,0.0033598,0.00017847,0.0040723,12,0.0040988,0,0.0050141,0.0054846,324.13,0.0050553,0.011995,0.0070874,0.0026613,327.49,0.0037125,0
3,8,45.28,56.5,13.68,42.3,31.6,66.2,14.4,38.3,30.88,72.6,4,0.22203,-0.4,0.0045311,-0.3457,0.00075375,0.0015504,0.0015974,20,0.0028796,0.00016459,0.0037598,11.176,0.0038655,0,0.0038118,0.003336,212.56,0.0035736,0.0074465,0.0068873,0.0025643,335.71,0.0038116,1
2,17,80.33,57.7,64.14,63.1,16.19,43.1,67.13,88.7,13.2,20.8,8,0.26781,-0.7,0.0048112,0.3591,0.00020476,0.0014993,0.0011615,14,0.0021964,0.00015951,0.0035741,10.621,0.0037051,0,0.0042735,0.0036625,234,0.0038719,0.0025678,0.0065363,0.0022842,299.05,0.0034679,0
3,13,161.32,83.1,103.73,66.2,57.59,153.5,123.84,78.5,37.49,103.2,8,0.29112,1.9,0.004865,1.048,6.8747e-05,0.0014164,0.0010304,15,0.0023452,0.0001571,0.0035041,10.422,0.003648,0,0.0048607,0.0050716,300.58,0.004737,0.00025678,0.00645,0.0021848,289.73,0.0033833,1
